State,COUNTY,Value,RANK,1901-2000,ANOMALY
AL,Autauga ,66.0,119,64.0,2.0
AL,Baldwin ,68.7,118,66.8,1.9
AL,Barbour ,66.8,120,64.8,2.0
AL,Bibb ,64.4,115,62.7,1.7
AL,Blount ,63.2,121,60.6,2.6
AL,Bullock ,66.3,120,64.2,2.1
AL,Butler ,66.8,121,64.6,2.2
AL,Calhoun ,63.4,119,61.0,2.4
AL,Chambers ,63.8,120,61.6,2.2
AL,Cherokee ,62.7,119,60.6,2.1
AL,Chilton ,64.4,116,62.8,1.6
AL,Choctaw ,66.4,118,64.5,1.9
AL,Clarke ,66.9,120,64.8,2.1
AL,Clay ,62.9,119,60.7,2.2
AL,Cleburne ,62.6,122,60.0,2.6
AL,Coffee ,67.5,121,65.4,2.1
AL,Colbert ,62.0,117,59.9,2.1
AL,Conecuh ,67.9,122,65.4,2.5
AL,Coosa ,64.1,118,62.2,1.9
AL,Covington ,67.7,122,65.6,2.1
AL,Crenshaw ,66.4,118,64.5,1.9
AL,Cullman ,62.7,119,60.4,2.3
AL,Dale ,67.8,122,65.7,2.1
AL,Dallas ,66.3,120,64.3,2.0
AL,DeKalb ,61.1,117,59.3,1.8
AL,Elmore ,65.8,119,63.7,2.1
AL,Escambia ,68.3,123,66.0,2.3
AL,Etowah ,63.2,119,60.9,2.3
AL,Fayette ,63.6,113,62.0,1.6
AL,Franklin ,61.8,117,59.9,1.9
AL,Geneva ,68.5,122,66.1,2.4
AL,Greene ,65.2,111,63.9,1.3
AL,Hale ,65.2,112,63.8,1.4
AL,Henry ,67.8,121,65.7,2.1
AL,Houston ,68.8,122,66.5,2.3
AL,Jackson ,61.1,117,59.4,1.7
AL,Jefferson ,64.2,120,61.8,2.4
AL,Lamar ,63.5,106,62.1,1.4
AL,Lauderdale ,61.6,118,59.5,2.1
AL,Lawrence ,61.5,112,60.1,1.4
AL,Lee ,65.2,121,63.0,2.2
AL,Limestone ,62.0,118,59.9,2.1
AL,Lowndes ,67.0,121,64.6,2.4
AL,Macon ,66.1,120,64.0,2.1
AL,Madison ,61.9,118,59.9,2.0
AL,Marengo ,66.0,116,64.3,1.7
AL,Marion ,62.2,110,60.7,1.5
AL,Marshall ,62.4,118,60.3,2.1
AL,Mobile ,68.7,121,66.4,2.3
AL,Monroe ,67.8,123,65.1,2.7
AL,Montgomery ,66.8,120,64.4,2.4
AL,Morgan ,62.3,118,60.2,2.1
AL,Perry ,65.2,116,63.5,1.7
AL,Pickens ,64.6,112,63.1,1.5
AL,Pike ,66.4,118,64.6,1.8
AL,Randolph ,63.0,121,60.5,2.5
AL,Russell ,66.3,122,64.2,2.1
AL,Shelby ,64.2,118,62.1,2.1
AL,St. Clair ,63.6,119,61.2,2.4
AL,Sumter ,65.7,117,64.1,1.6
AL,Talladega ,64.0,119,61.8,2.2
AL,Tallapoosa ,64.1,119,62.2,1.9
AL,Tuscaloosa ,64.7,116,63.1,1.6
AL,Walker ,63.5,117,61.7,1.8
AL,Washington ,67.1,117,65.3,1.8
AL,Wilcox ,66.8,121,64.7,2.1
AL,Winston ,61.7,114,60.3,1.4
AK,Aleutians East ,42.0,94,36.6,5.4
AK,Aleutians West Census Area,41.5,94,37.9,3.6
AK,Anchorage Municipality,36.4,93,31.5,4.9
AK,Bethel Census Area,36.9,93,29.1,7.8
AK,Bristol Bay ,41.4,93,34.2,7.2
AK,Denali ,31.8,94,25.2,6.6
AK,Dillingham Census Area,39.6,93,31.8,7.8
AK,Fairbanks North Star ,32.4,93,26.5,5.9
AK,Haines ,35.9,90,33.2,2.7
AK,Hoonah-Angoon Census Area,38.9,91,36.2,2.7
AK,Juneau City and ,36.0,91,33.4,2.6
AK,Kenai Peninsula ,38.0,93,32.2,5.8
AK,Ketchikan Gateway ,41.8,84,39.8,2.0
AK,Kodiak Island ,42.3,93,36.6,5.7
AK,Kusilvak Census Area,35.8,93,28.1,7.7
AK,Lake and Peninsula ,40.6,93,33.9,6.7
AK,Matanuska-Susitna ,33.6,93,27.9,5.7
AK,Nome Census Area,31.7,94,23.6,8.1
AK,North Slope ,21.3,94,13.3,8.0
AK,Northwest Arctic ,29.6,94,20.6,9.0
AK,Petersburg ,38.0,88,35.8,2.2
AK,Prince of Wales-Hyder Census Area,44.5,87,42.4,2.1
AK,Sitka City and ,42.3,91,39.5,2.8
AK,Skagway Municipality,33.1,91,30.0,3.1
AK,Southeast Fairbanks Census Area,29.3,93,23.8,5.5
AK,Valdez-Cordova Census Area,31.2,93,26.1,5.1
AK,Wrangell City and ,41.4,87,39.4,2.0
AK,Yakutat City and ,36.4,93,32.0,4.4
AK,Yukon-Koyukuk Census Area,30.9,94,23.8,7.1
AZ,Apache ,50.2,74,49.7,0.5
AZ,Cochise ,60.8,76,60.4,0.4
AZ,Coconino ,52.5,85,51.8,0.7
AZ,Gila ,59.7,99,58.6,1.1
AZ,Graham ,60.9,84,60.3,0.6
AZ,Greenlee ,56.5,89,55.8,0.7
AZ,La Paz ,71.2,92,70.3,0.9
AZ,Maricopa ,70.3,94,69.2,1.1
AZ,Mohave ,61.9,81,61.4,0.5
AZ,Navajo ,51.8,78,51.2,0.6
AZ,Pima ,67.3,84,66.6,0.7
AZ,Pinal ,68.4,88,67.7,0.7
AZ,Santa Cruz ,60.3,71,59.9,0.4
AZ,Yavapai ,59.2,92,58.3,0.9
AZ,Yuma ,72.1,93,70.9,1.2
AR,Arkansas ,63.2,98,62.1,1.1
AR,Ashley ,65.2,119,63.2,2.0
AR,Baxter ,57.8,82,57.1,0.7
AR,Benton ,57.9,80,57.3,0.6
AR,Boone ,57.2,72,56.8,0.4
AR,Bradley ,64.4,113,62.7,1.7
AR,Calhoun ,63.5,90,62.7,0.8
AR,Carroll ,57.2,71,56.9,0.3
AR,Chicot ,64.7,102,63.6,1.1
AR,Clark ,62.8,86,62.1,0.7
AR,Clay ,59.5,88,58.7,0.8
AR,Cleburne ,59.9,95,58.8,1.1
AR,Cleveland ,63.1,92,62.4,0.7
AR,Columbia ,63.6,72,63.4,0.2
AR,Conway ,60.9,83,60.2,0.7
AR,Craighead ,60.6,103,59.5,1.1
AR,Crawford ,59.9,82,59.3,0.6
AR,Crittenden ,62.4,100,61.3,1.1
AR,Cross ,61.7,93,60.8,0.9
AR,Dallas ,62.7,76,62.3,0.4
AR,Desha ,63.6,96,62.7,0.9
AR,Drew ,64.2,111,62.8,1.4
AR,Faulkner ,61.2,84,60.5,0.7
AR,Franklin ,59.6,71,59.2,0.4
AR,Fulton ,57.9,104,56.5,1.4
AR,Garland ,61.7,95,60.8,0.9
AR,Grant ,62.6,80,62.1,0.5
AR,Greene ,59.9,97,59.0,0.9
AR,Hempstead ,62.8,74,62.5,0.3
AR,Hot Spring ,62.4,85,61.8,0.6
AR,Howard ,61.9,87,61.2,0.7
AR,Independence ,59.6,92,58.7,0.9
AR,Izard ,58.1,81,57.5,0.6
AR,Jackson ,60.4,88,59.5,0.9
AR,Jefferson ,62.8,85,62.2,0.6
AR,Johnson ,59.1,76,58.6,0.5
AR,Lafayette ,63.9,85,63.4,0.5
AR,Lawrence ,59.6,95,58.7,0.9
AR,Lee ,62.8,103,61.6,1.2
AR,Lincoln ,63.4,98,62.4,1.0
AR,Little River ,63.6,100,62.6,1.0
AR,Logan ,60.6,76,60.2,0.4
AR,Lonoke ,62.3,87,61.6,0.7
AR,Madison ,56.8,69,56.4,0.4
AR,Marion ,57.6,73,57.1,0.5
AR,Miller ,64.2,89,63.6,0.6
AR,Mississippi ,61.5,107,60.2,1.3
AR,Monroe ,62.7,98,61.6,1.1
AR,Montgomery ,61.2,98,60.2,1.0
AR,Nevada ,62.9,67,62.7,0.2
AR,Newton ,57.0,79,56.5,0.5
AR,Ouachita ,63.1,65,63.1,0.0
AR,Perry ,61.5,84,60.8,0.7
AR,Phillips ,63.2,104,62.0,1.2
AR,Pike ,61.8,87,61.2,0.6
AR,Poinsett ,61.2,97,60.1,1.1
AR,Polk ,60.4,98,59.3,1.1
AR,Pope ,59.7,82,59.1,0.6
AR,Prairie ,62.3,87,61.5,0.8
AR,Pulaski ,61.9,74,61.4,0.5
AR,Randolph ,58.9,90,58.1,0.8
AR,Saline ,61.7,78,61.2,0.5
AR,Scott ,60.6,93,59.7,0.9
AR,Searcy ,57.7,82,57.1,0.6
AR,Sebastian ,61.2,93,60.4,0.8
AR,Sevier ,62.8,99,61.7,1.1
AR,Sharp ,58.7,105,57.5,1.2
AR,St. Francis ,62.3,97,61.3,1.0
AR,Stone ,58.2,76,57.6,0.6
AR,Union ,64.5,105,63.2,1.3
AR,Van Buren ,58.9,87,58.2,0.7
AR,Washington ,57.8,78,57.4,0.4
AR,White ,61.5,99,60.3,1.2
AR,Woodruff ,61.5,88,60.7,0.8
AR,Yell ,61.2,84,60.6,0.6
CA,Alameda ,59.7,109,57.9,1.8
CA,Alpine ,43.7,74,43.3,0.4
CA,Amador ,57.9,87,57.2,0.7
CA,Butte ,60.3,108,58.8,1.5
CA,Calaveras ,58.3,88,57.6,0.7
CA,Colusa ,61.6,105,60.4,1.2
CA,Contra Costa ,60.7,111,58.8,1.9
CA,Del Norte ,52.3,107,50.9,1.4
CA,El Dorado ,53.7,77,53.4,0.3
CA,Fresno ,55.9,101,54.4,1.5
CA,Glenn ,60.4,101,59.3,1.1
CA,Humboldt ,54.3,107,52.9,1.4
CA,Imperial ,73.1,90,72.2,0.9
CA,Inyo ,60.1,80,59.5,0.6
CA,Kern ,61.8,95,60.5,1.3
CA,Kings ,64.6,112,62.5,2.1
CA,Lake ,57.4,104,56.3,1.1
CA,Lassen ,46.6,72,46.1,0.5
CA,Los Angeles ,61.2,95,59.9,1.3
CA,Madera ,56.3,95,55.1,1.2
CA,Marin ,57.0,118,54.8,2.2
CA,Mariposa ,54.8,75,54.5,0.3
CA,Mendocino ,56.1,114,54.9,1.2
CA,Merced ,63.0,112,61.0,2.0
CA,Modoc ,46.7,91,45.6,1.1
CA,Mono ,43.8,81,43.2,0.6
CA,Monterey ,59.3,114,57.2,2.1
CA,Napa ,60.3,118,58.2,2.1
CA,Nevada ,52.2,79,51.8,0.4
CA,Orange ,64.0,100,62.3,1.7
CA,Placer ,53.5,78,53.0,0.5
CA,Plumas ,47.3,82,46.8,0.5
CA,Riverside ,67.7,93,66.7,1.0
CA,Sacramento ,62.8,111,61.2,1.6
CA,San Benito ,59.3,108,57.4,1.9
CA,San Bernardino ,65.8,88,65.1,0.7
CA,San Diego ,62.6,97,61.3,1.3
CA,San Francisco ,58.0,117,55.7,2.3
CA,San Joaquin ,62.5,114,60.7,1.8
CA,San Luis Obispo ,59.9,110,58.0,1.9
CA,San Mateo ,58.0,120,55.4,2.6
CA,Santa Barbara ,59.2,115,56.6,2.6
CA,Santa Clara ,59.0,114,56.9,2.1
CA,Santa Cruz ,58.5,120,55.6,2.9
CA,Shasta ,55.4,99,54.3,1.1
CA,Sierra ,47.1,86,46.4,0.7
CA,Siskiyou ,49.1,101,47.9,1.2
CA,Solano ,61.8,116,59.7,2.1
CA,Sonoma ,58.0,117,56.1,1.9
CA,Stanislaus ,62.2,114,60.3,1.9
CA,Sutter ,63.3,109,61.8,1.5
CA,Tehama ,59.0,103,58.0,1.0
CA,Trinity ,52.6,102,51.6,1.0
CA,Tulare ,54.2,93,53.2,1.0
CA,Tuolumne ,49.7,69,49.6,0.1
CA,Ventura ,58.4,108,56.0,2.4
CA,Yolo ,62.4,108,60.9,1.5
CA,Yuba ,60.9,100,59.8,1.1
CO,Adams ,48.9,70,48.5,0.4
CO,Alamosa ,42.6,83,41.7,0.9
CO,Arapahoe ,48.3,53,48.3,0.0
CO,Archuleta ,43.3,83,42.6,0.7
CO,Baca ,52.8,31,53.2,-0.4
CO,Bent ,53.5,89,52.7,0.8
CO,Boulder ,44.4,81,43.8,0.6
CO,Broomfield ,50.3,82,49.7,0.6
CO,Chaffee ,37.5,56,37.5,0.0
CO,Cheyenne ,50.3,44,50.5,-0.2
CO,Clear Creek ,37.1,84,36.5,0.6
CO,Conejos ,40.1,83,39.3,0.8
CO,Costilla ,42.2,97,41.0,1.2
CO,Crowley ,52.0,98,50.9,1.1
CO,Custer ,41.1,71,40.6,0.5
CO,Delta ,46.3,89,45.0,1.3
CO,Denver ,50.2,76,49.7,0.5
CO,Dolores ,42.9,91,41.8,1.1
CO,Douglas ,46.5,54,46.4,0.1
CO,Eagle ,39.0,78,38.5,0.5
CO,El Paso ,47.7,87,47.0,0.7
CO,Elbert ,46.9,55,46.8,0.1
CO,Fremont ,45.0,52,45.0,0.0
CO,Garfield ,43.1,87,42.1,1.0
CO,Gilpin ,38.9,69,38.6,0.3
CO,Grand ,37.0,86,36.3,0.7
CO,Gunnison ,37.4,66,37.1,0.3
CO,Hinsdale ,35.8,94,34.3,1.5
CO,Huerfano ,47.2,104,46.1,1.1
CO,Jackson ,36.2,74,35.7,0.5
CO,Jefferson ,45.6,52,45.5,0.1
CO,Kiowa ,51.7,55,51.6,0.1
CO,Kit Carson ,50.3,72,50.0,0.3
CO,La Plata ,44.5,92,43.5,1.0
CO,Lake ,34.1,73,33.8,0.3
CO,Larimer ,41.9,86,40.9,1.0
CO,Las Animas ,51.3,95,50.4,0.9
CO,Lincoln ,49.2,70,48.8,0.4
CO,Logan ,48.5,37,48.9,-0.4
CO,Mesa ,47.0,92,45.6,1.4
CO,Mineral ,36.4,89,35.4,1.0
CO,Moffat ,43.4,86,42.4,1.0
CO,Montezuma ,48.3,90,47.3,1.0
CO,Montrose ,47.1,89,45.6,1.5
CO,Morgan ,48.9,82,47.9,1.0
CO,Otero ,53.3,95,52.4,0.9
CO,Ouray ,41.3,95,39.7,1.6
CO,Park ,37.6,52,37.7,-0.1
CO,Phillips ,48.5,33,49.0,-0.5
CO,Pitkin ,37.8,91,36.9,0.9
CO,Prowers ,52.9,48,53.0,-0.1
CO,Pueblo ,52.3,99,51.3,1.0
CO,Rio Blanco ,43.7,82,42.8,0.9
CO,Rio Grande ,39.4,89,38.4,1.0
CO,Routt ,39.3,85,38.5,0.8
CO,Saguache ,38.5,55,38.5,0.0
CO,San Juan ,35.0,97,33.3,1.7
CO,San Miguel ,44.6,93,43.1,1.5
CO,Sedgwick ,48.0,19,49.0,-1.0
CO,Summit ,35.5,89,34.8,0.7
CO,Teller ,39.7,56,39.7,0.0
CO,Washington ,49.1,67,48.8,0.3
CO,Weld ,48.0,74,47.5,0.5
CO,Yuma ,50.2,72,49.8,0.4
CT,Fairfield ,51.6,113,49.2,2.4
CT,Hartford ,50.1,107,48.4,1.7
CT,Litchfield ,47.7,105,46.1,1.6
CT,Middlesex ,50.8,109,48.9,1.9
CT,New Haven ,51.2,114,48.9,2.3
CT,New London ,50.7,109,48.6,2.1
CT,Tolland ,49.3,108,47.5,1.8
CT,Windham ,49.4,107,47.6,1.8
DE,Kent ,57.0,119,54.0,3.0
DE,New Castle ,56.2,118,53.3,2.9
DE,Sussex ,58.0,119,54.7,3.3
FL,Alachua ,71.8,124,68.7,3.1
FL,Baker ,70.3,123,67.4,2.9
FL,Bay ,70.2,123,67.4,2.8
FL,Bradford ,71.4,124,68.2,3.2
FL,Brevard ,74.1,120,71.6,2.5
FL,Broward ,77.5,124,74.0,3.5
FL,Calhoun ,69.6,123,66.8,2.8
FL,Charlotte ,75.6,123,72.8,2.8
FL,Citrus ,72.5,122,69.8,2.7
FL,Clay ,71.9,124,68.4,3.5
FL,Collier ,76.7,124,74.0,2.7
FL,Columbia ,70.1,123,67.6,2.5
FL,DeSoto ,74.8,123,72.1,2.7
FL,Dixie ,71.1,123,68.1,3.0
FL,Duval ,71.5,123,68.0,3.5
FL,Escambia ,69.0,120,67.0,2.0
FL,Flagler ,73.0,124,69.5,3.5
FL,Franklin ,70.5,122,67.7,2.8
FL,Gadsden ,69.5,122,66.8,2.7
FL,Gilchrist ,71.1,123,68.1,3.0
FL,Glades ,75.5,122,72.5,3.0
FL,Gulf ,70.1,122,67.3,2.8
FL,Hamilton ,69.2,121,67.1,2.1
FL,Hardee ,74.6,124,71.6,3.0
FL,Hendry ,75.8,122,73.1,2.7
FL,Hernando ,73.3,124,70.1,3.2
FL,Highlands ,75.1,124,71.9,3.2
FL,Hillsborough ,74.6,124,71.2,3.4
FL,Holmes ,68.9,124,66.4,2.5
FL,Indian River ,74.5,122,71.7,2.8
FL,Jackson ,69.4,122,67.0,2.4
FL,Jefferson ,69.8,122,67.0,2.8
FL,Lafayette ,70.4,123,67.6,2.8
FL,Lake ,73.6,123,70.3,3.3
FL,Lee ,76.2,123,73.4,2.8
FL,Leon ,69.8,122,67.0,2.8
FL,Levy ,72.1,123,68.8,3.3
FL,Liberty ,69.8,122,66.9,2.9
FL,Madison ,69.6,121,66.9,2.7
FL,Manatee ,74.5,123,71.7,2.8
FL,Marion ,72.5,124,69.5,3.0
FL,Martin ,76.0,122,72.9,3.1
FL,Miami-Dade ,78.1,124,74.4,3.7
FL,Monroe ,78.6,124,74.9,3.7
FL,Nassau ,70.6,122,67.3,3.3
FL,Okaloosa ,68.8,121,66.6,2.2
FL,Okeechobee ,75.2,122,72.0,3.2
FL,Orange ,74.3,123,71.3,3.0
FL,Osceola ,74.7,123,71.7,3.0
FL,Palm Beach ,76.7,124,73.4,3.3
FL,Pasco ,73.8,124,70.4,3.4
FL,Pinellas ,74.9,122,71.9,3.0
FL,Polk ,74.7,123,71.5,3.2
FL,Putnam ,72.6,124,69.2,3.4
FL,Santa Rosa ,68.6,116,66.9,1.7
FL,Sarasota ,74.8,124,72.3,2.5
FL,Seminole ,74.0,122,71.1,2.9
FL,St. Johns ,72.6,124,68.8,3.8
FL,St. Lucie ,75.2,122,72.4,2.8
FL,Sumter ,73.1,123,70.1,3.0
FL,Suwannee ,70.0,122,67.5,2.5
FL,Taylor ,70.6,123,67.6,3.0
FL,Union ,70.9,124,68.0,2.9
FL,Volusia ,73.4,123,70.4,3.0
FL,Wakulla ,70.3,122,67.5,2.8
FL,Walton ,69.1,123,66.5,2.6
FL,Washington ,69.4,123,66.9,2.5
GA,Appling ,68.8,124,65.9,2.9
GA,Atkinson ,68.8,123,66.0,2.8
GA,Bacon ,68.9,123,66.0,2.9
GA,Baker ,68.8,124,66.1,2.7
GA,Baldwin ,65.9,121,63.3,2.6
GA,Banks ,62.3,119,60.4,1.9
GA,Barrow ,62.7,120,60.6,2.1
GA,Bartow ,62.1,117,60.2,1.9
GA,Ben Hill ,68.3,124,65.1,3.2
GA,Berrien ,68.2,122,65.8,2.4
GA,Bibb ,66.2,122,63.5,2.7
GA,Bleckley ,67.1,122,64.4,2.7
GA,Brantley ,69.4,122,66.1,3.3
GA,Brooks ,68.3,121,66.2,2.1
GA,Bryan ,69.0,122,66.0,3.0
GA,Bulloch ,67.9,124,65.0,2.9
GA,Burke ,66.6,122,63.5,3.1
GA,Butts ,64.9,122,61.9,3.0
GA,Calhoun ,68.2,123,65.6,2.6
GA,Camden ,70.0,122,67.0,3.0
GA,Candler ,67.7,122,65.0,2.7
GA,Carroll ,63.2,122,59.8,3.4
GA,Catoosa ,61.7,119,59.3,2.4
GA,Charlton ,70.0,122,66.8,3.2
GA,Chatham ,69.2,121,66.1,3.1
GA,Chattahoochee ,66.3,123,64.0,2.3
GA,Chattooga ,61.9,118,59.9,2.0
GA,Cherokee ,61.3,117,59.4,1.9
GA,Clarke ,63.1,120,61.0,2.1
GA,Clay ,67.6,121,65.3,2.3
GA,Clayton ,64.0,120,61.1,2.9
GA,Clinch ,69.1,121,66.5,2.6
GA,Cobb ,62.8,121,60.1,2.7
GA,Coffee ,68.7,124,65.6,3.1
GA,Colquitt ,67.9,123,65.7,2.2
GA,Columbia ,65.6,122,62.8,2.8
GA,Cook ,68.0,122,65.9,2.1
GA,Coweta ,64.5,124,61.0,3.5
GA,Crawford ,65.8,122,63.2,2.6
GA,Crisp ,67.8,123,64.5,3.3
GA,Dade ,60.7,118,58.6,2.1
GA,Dawson ,59.9,117,58.3,1.6
GA,Decatur ,69.2,123,66.6,2.6
GA,DeKalb ,63.4,121,60.5,2.9
GA,Dodge ,67.7,122,64.8,2.9
GA,Dooly ,67.4,123,64.2,3.2
GA,Dougherty ,68.7,124,65.8,2.9
GA,Douglas ,63.4,122,60.1,3.3
GA,Early ,68.5,122,66.1,2.4
GA,Echols ,68.8,120,66.7,2.1
GA,Effingham ,68.0,121,65.1,2.9
GA,Elbert ,63.5,121,60.9,2.6
GA,Emanuel ,67.0,122,64.5,2.5
GA,Evans ,68.5,123,65.7,2.8
GA,Fannin ,57.8,118,56.0,1.8
GA,Fayette ,64.5,123,61.2,3.3
GA,Floyd ,62.4,118,60.5,1.9
GA,Forsyth ,61.1,117,59.2,1.9
GA,Franklin ,62.5,119,60.5,2.0
GA,Fulton ,63.3,121,60.3,3.0
GA,Gilmer ,58.5,115,57.0,1.5
GA,Glascock ,65.2,120,62.9,2.3
GA,Glynn ,69.9,122,67.0,2.9
GA,Gordon ,61.9,117,60.0,1.9
GA,Grady ,69.0,123,66.4,2.6
GA,Greene ,64.1,121,61.8,2.3
GA,Gwinnett ,62.4,121,60.0,2.4
GA,Habersham ,60.1,117,58.5,1.6
GA,Hall ,61.5,119,59.5,2.0
GA,Hancock ,65.0,120,62.7,2.3
GA,Haralson ,62.2,122,59.3,2.9
GA,Harris ,64.8,124,62.5,2.3
GA,Hart ,62.9,122,60.4,2.5
GA,Heard ,63.9,122,60.8,3.1
GA,Henry ,64.3,121,61.5,2.8
GA,Houston ,66.9,122,64.1,2.8
GA,Irwin ,68.2,124,65.2,3.0
GA,Jackson ,62.6,119,60.5,2.1
GA,Jasper ,65.0,123,61.8,3.2
GA,Jeff Davis ,68.6,124,65.5,3.1
GA,Jefferson ,65.8,122,63.3,2.5
GA,Jenkins ,66.9,122,63.9,3.0
GA,Johnson ,66.5,121,64.2,2.3
GA,Jones ,65.7,122,62.8,2.9
GA,Lamar ,64.9,122,62.0,2.9
GA,Lanier ,68.4,121,66.1,2.3
GA,Laurens ,67.3,122,64.7,2.6
GA,Lee ,68.3,124,65.2,3.1
GA,Liberty ,69.3,122,66.4,2.9
GA,Lincoln ,64.4,121,62.2,2.2
GA,Long ,69.3,123,66.4,2.9
GA,Lowndes ,68.3,121,66.3,2.0
GA,Lumpkin ,59.2,119,57.4,1.8
GA,Macon ,66.8,123,63.9,2.9
GA,Madison ,62.7,120,60.6,2.1
GA,Marion ,65.9,124,63.5,2.4
GA,McDuffie ,64.9,121,62.3,2.6
GA,McIntosh ,69.7,122,66.8,2.9
GA,Meriwether ,64.6,124,61.7,2.9
GA,Miller ,68.8,123,66.3,2.5
GA,Mitchell ,68.7,124,66.1,2.6
GA,Monroe ,65.3,122,62.4,2.9
GA,Montgomery ,68.1,124,65.2,2.9
GA,Morgan ,64.3,122,61.6,2.7
GA,Murray ,60.8,115,59.0,1.8
GA,Muscogee ,66.0,122,63.8,2.2
GA,Newton ,64.1,122,61.2,2.9
GA,Oconee ,63.4,121,61.2,2.2
GA,Oglethorpe ,63.3,119,61.1,2.2
GA,Paulding ,62.6,121,59.9,2.7
GA,Peach ,66.3,122,63.6,2.7
GA,Pickens ,60.0,115,58.5,1.5
GA,Pierce ,69.4,122,66.2,3.2
GA,Pike ,64.9,124,61.9,3.0
GA,Polk ,62.6,121,60.1,2.5
GA,Pulaski ,67.4,122,64.6,2.8
GA,Putnam ,65.2,122,62.3,2.9
GA,Quitman ,67.0,121,64.8,2.2
GA,Rabun ,57.8,118,56.2,1.6
GA,Randolph ,67.2,123,64.7,2.5
GA,Richmond ,66.7,123,63.4,3.3
GA,Rockdale ,63.8,121,61.1,2.7
GA,Schley ,66.5,124,63.8,2.7
GA,Screven ,67.1,122,64.1,3.0
GA,Seminole ,69.2,122,66.7,2.5
GA,Spalding ,64.8,121,61.9,2.9
GA,Stephens ,61.9,117,60.3,1.6
GA,Stewart ,66.6,123,64.3,2.3
GA,Sumter ,67.4,124,64.4,3.0
GA,Talbot ,65.0,123,62.7,2.3
GA,Taliaferro ,64.0,120,61.9,2.1
GA,Tattnall ,68.6,123,65.8,2.8
GA,Taylor ,65.7,124,63.2,2.5
GA,Telfair ,68.4,123,65.2,3.2
GA,Terrell ,67.8,124,65.0,2.8
GA,Thomas ,68.6,123,66.2,2.4
GA,Tift ,67.8,124,65.2,2.6
GA,Toombs ,68.3,124,65.5,2.8
GA,Towns ,57.2,119,55.2,2.0
GA,Treutlen ,67.4,122,64.9,2.5
GA,Troup ,64.3,122,61.6,2.7
GA,Turner ,67.7,123,64.7,3.0
GA,Twiggs ,66.6,122,64.0,2.6
GA,Union ,57.5,121,55.4,2.1
GA,Upson ,65.2,124,62.5,2.7
GA,Walker ,61.4,120,59.1,2.3
GA,Walton ,63.3,122,60.9,2.4
GA,Ware ,69.5,122,66.4,3.1
GA,Warren ,64.6,120,62.3,2.3
GA,Washington ,65.9,120,63.6,2.3
GA,Wayne ,69.2,122,66.1,3.1
GA,Webster ,66.8,124,64.2,2.6
GA,Wheeler ,68.2,122,65.2,3.0
GA,White ,59.3,118,57.5,1.8
GA,Whitfield ,61.7,118,59.5,2.2
GA,Wilcox ,67.8,122,64.7,3.1
GA,Wilkes ,63.8,120,61.6,2.2
GA,Wilkinson ,66.5,122,64.0,2.5
GA,Worth ,68.0,124,65.2,2.8
ID,Ada ,51.6,84,51.0,0.6
ID,Adams ,43.1,66,42.9,0.2
ID,Bannock ,44.6,74,44.0,0.6
ID,Bear Lake ,39.8,79,39.3,0.5
ID,Benewah ,45.3,86,44.7,0.6
ID,Bingham ,44.0,75,43.4,0.6
ID,Blaine ,41.7,76,41.1,0.6
ID,Boise ,43.3,80,42.6,0.7
ID,Bonner ,43.5,92,42.5,1.0
ID,Bonneville ,41.8,85,40.9,0.9
ID,Boundary ,41.4,94,40.1,1.3
ID,Butte ,41.1,77,40.5,0.6
ID,Camas ,41.0,86,40.2,0.8
ID,Canyon ,51.8,77,51.3,0.5
ID,Caribou ,41.0,57,40.8,0.2
ID,Cassia ,45.4,68,45.1,0.3
ID,Clark ,39.7,79,39.0,0.7
ID,Clearwater ,43.7,84,43.0,0.7
ID,Custer ,38.0,89,37.1,0.9
ID,Elmore ,47.2,94,46.0,1.2
ID,Franklin ,43.8,86,43.0,0.8
ID,Fremont ,39.5,90,38.5,1.0
ID,Gem ,48.6,65,48.5,0.1
ID,Gooding ,47.9,78,47.5,0.4
ID,Idaho ,41.5,84,40.9,0.6
ID,Jefferson ,43.2,88,42.1,1.1
ID,Jerome ,48.2,84,47.5,0.7
ID,Kootenai ,45.2,87,44.5,0.7
ID,Latah ,46.0,84,45.4,0.6
ID,Lemhi ,39.0,85,38.3,0.7
ID,Lewis ,44.9,57,44.9,0.0
ID,Lincoln ,46.5,92,45.2,1.3
ID,Madison ,42.4,88,41.5,0.9
ID,Minidoka ,46.1,83,45.2,0.9
ID,Nez Perce ,48.4,78,48.0,0.4
ID,Oneida ,44.9,60,44.9,0.0
ID,Owyhee ,47.0,66,46.8,0.2
ID,Payette ,51.0,76,50.4,0.6
ID,Power ,44.7,53,44.8,-0.1
ID,Shoshone ,42.6,88,41.8,0.8
ID,Teton ,39.4,86,38.6,0.8
ID,Twin Falls ,46.6,44,46.8,-0.2
ID,Valley ,39.1,87,38.2,0.9
ID,Washington ,47.4,62,47.3,0.1
IL,Adams ,52.1,50,52.4,-0.3
IL,Alexander ,58.0,101,56.8,1.2
IL,Bond ,54.4,72,54.0,0.4
IL,Boone ,47.0,45,47.3,-0.3
IL,Brown ,52.1,55,52.1,0.0
IL,Bureau ,48.6,46,48.9,-0.3
IL,Calhoun ,54.1,72,53.8,0.3
IL,Carroll ,47.9,82,47.3,0.6
IL,Cass ,52.1,52,52.3,-0.2
IL,Champaign ,51.6,83,50.9,0.7
IL,Christian ,52.7,68,52.5,0.2
IL,Clark ,53.7,91,52.7,1.0
IL,Clay ,54.9,92,53.9,1.0
IL,Clinton ,55.5,89,54.6,0.9
IL,Coles ,53.0,82,52.2,0.8
IL,Cook ,49.3,76,48.9,0.4
IL,Crawford ,54.5,87,53.6,0.9
IL,Cumberland ,53.6,81,52.8,0.8
IL,De Witt ,51.6,83,50.9,0.7
IL,DeKalb ,47.6,47,47.8,-0.2
IL,Douglas ,52.6,86,51.6,1.0
IL,DuPage ,48.8,74,48.4,0.4
IL,Edgar ,52.5,79,51.9,0.6
IL,Edwards ,56.1,97,54.9,1.2
IL,Effingham ,53.8,79,53.2,0.6
IL,Fayette ,53.9,72,53.5,0.4
IL,Ford ,50.6,80,50.1,0.5
IL,Franklin ,56.2,91,55.3,0.9
IL,Fulton ,51.2,52,51.3,-0.1
IL,Gallatin ,56.8,79,56.1,0.7
IL,Greene ,53.6,58,53.5,0.1
IL,Grundy ,49.8,78,49.2,0.6
IL,Hamilton ,56.2,90,55.2,1.0
IL,Hancock ,51.3,47,51.7,-0.4
IL,Hardin ,57.1,83,56.4,0.7
IL,Henderson ,50.2,45,50.6,-0.4
IL,Henry ,48.9,49,49.1,-0.2
IL,Iroquois ,50.8,86,50.0,0.8
IL,Jackson ,56.5,94,55.4,1.1
IL,Jasper ,54.4,90,53.5,0.9
IL,Jefferson ,55.7,90,54.9,0.8
IL,Jersey ,54.4,74,54.0,0.4
IL,Jo Daviess ,46.8,55,46.9,-0.1
IL,Johnson ,56.7,83,56.0,0.7
IL,Kane ,48.0,59,48.0,0.0
IL,Kankakee ,50.1,78,49.6,0.5
IL,Kendall ,49.0,56,48.9,0.1
IL,Knox ,49.5,47,49.8,-0.3
IL,Lake ,47.8,69,47.6,0.2
IL,LaSalle ,49.1,56,49.1,0.0
IL,Lawrence ,55.5,95,54.4,1.1
IL,Lee ,48.1,56,48.1,0.0
IL,Livingston ,49.7,60,49.6,0.1
IL,Logan ,52.0,79,51.6,0.4
IL,Macon ,52.2,80,51.7,0.5
IL,Macoupin ,53.4,69,53.2,0.2
IL,Madison ,55.2,76,54.6,0.6
IL,Marion ,54.8,83,54.1,0.7
IL,Marshall ,50.0,69,49.8,0.2
IL,Mason ,52.0,61,52.0,0.0
IL,Massac ,57.6,80,56.8,0.8
IL,McDonough ,50.7,48,51.1,-0.4
IL,McHenry ,47.2,69,47.1,0.1
IL,McLean ,50.7,80,50.0,0.7
IL,Menard ,51.9,53,52.1,-0.2
IL,Mercer ,49.4,44,49.8,-0.4
IL,Monroe ,56.7,98,55.5,1.2
IL,Montgomery ,53.1,60,53.1,0.0
IL,Morgan ,52.4,59,52.4,0.0
IL,Moultrie ,52.5,78,52.0,0.5
IL,Ogle ,47.8,70,47.6,0.2
IL,Peoria ,50.9,83,50.4,0.5
IL,Perry ,56.0,91,55.1,0.9
IL,Piatt ,51.9,83,51.1,0.8
IL,Pike ,52.9,57,52.9,0.0
IL,Pope ,56.7,72,56.2,0.5
IL,Pulaski ,58.0,101,56.9,1.1
IL,Putnam ,49.5,49,49.8,-0.3
IL,Randolph ,56.5,98,55.3,1.2
IL,Richland ,55.2,91,54.2,1.0
IL,Rock Island ,49.2,52,49.3,-0.1
IL,Saline ,56.4,80,55.8,0.6
IL,Sangamon ,52.2,56,52.3,-0.1
IL,Schuyler ,51.8,57,51.9,-0.1
IL,Scott ,53.0,66,52.9,0.1
IL,Shelby ,52.9,69,52.6,0.3
IL,St. Clair ,56.2,90,55.2,1.0
IL,Stark ,49.3,54,49.5,-0.2
IL,Stephenson ,46.9,62,46.7,0.2
IL,Tazewell ,51.7,87,50.8,0.9
IL,Union ,57.0,99,55.9,1.1
IL,Vermilion ,51.4,73,51.1,0.3
IL,Wabash ,56.1,95,55.0,1.1
IL,Warren ,49.6,42,50.1,-0.5
IL,Washington ,55.6,88,54.8,0.8
IL,Wayne ,56.0,99,54.7,1.3
IL,White ,56.5,87,55.6,0.9
IL,Whiteside ,48.6,66,48.4,0.2
IL,Will ,49.5,68,49.3,0.2
IL,Williamson ,56.3,86,55.4,0.9
IL,Winnebago ,47.3,52,47.4,-0.1
IL,Woodford ,50.7,90,49.8,0.9
IN,Adams ,50.5,88,49.5,1.0
IN,Allen ,49.9,80,49.3,0.6
IN,Bartholomew ,54.2,101,53.0,1.2
IN,Benton ,50.3,75,49.9,0.4
IN,Blackford ,51.5,95,50.4,1.1
IN,Boone ,51.1,89,50.1,1.0
IN,Brown ,53.3,91,52.2,1.1
IN,Carroll ,50.7,79,50.2,0.5
IN,Cass ,50.3,77,49.8,0.5
IN,Clark ,56.4,113,54.3,2.1
IN,Clay ,53.9,109,52.2,1.7
IN,Clinton ,50.9,86,50.2,0.7
IN,Crawford ,55.3,87,54.4,0.9
IN,Daviess ,55.2,104,53.6,1.6
IN,Dearborn ,54.7,114,52.8,1.9
IN,Decatur ,53.3,88,52.3,1.0
IN,DeKalb ,48.8,72,48.5,0.3
IN,Delaware ,52.4,110,50.6,1.8
IN,Dubois ,55.3,91,54.2,1.1
IN,Elkhart ,49.0,85,48.1,0.9
IN,Fayette ,52.4,100,51.1,1.3
IN,Floyd ,56.7,117,54.5,2.2
IN,Fountain ,51.3,73,50.9,0.4
IN,Franklin ,53.3,102,51.9,1.4
IN,Fulton ,49.8,86,49.0,0.8
IN,Gibson ,56.3,98,55.1,1.2
IN,Grant ,51.3,87,50.5,0.8
IN,Greene ,54.3,108,52.6,1.7
IN,Hamilton ,51.7,87,50.8,0.9
IN,Hancock ,52.4,96,51.3,1.1
IN,Harrison ,56.5,113,54.6,1.9
IN,Hendricks ,51.7,84,50.9,0.8
IN,Henry ,51.8,102,50.4,1.4
IN,Howard ,50.6,73,50.2,0.4
IN,Huntington ,50.4,79,49.9,0.5
IN,Jackson ,54.6,99,53.3,1.3
IN,Jasper ,49.8,73,49.4,0.4
IN,Jay ,51.3,99,50.0,1.3
IN,Jefferson ,55.4,112,53.6,1.8
IN,Jennings ,54.6,103,53.3,1.3
IN,Johnson ,52.9,93,51.8,1.1
IN,Knox ,55.5,100,54.2,1.3
IN,Kosciusko ,49.6,87,48.7,0.9
IN,LaGrange ,48.8,86,48.1,0.7
IN,Lake ,49.4,74,49.1,0.3
IN,LaPorte ,48.9,69,48.7,0.2
IN,Lawrence ,54.1,95,52.9,1.2
IN,Madison ,52.2,99,50.8,1.4
IN,Marion ,52.4,84,51.6,0.8
IN,Marshall ,49.4,91,48.4,1.0
IN,Martin ,54.9,110,53.3,1.6
IN,Miami ,50.4,77,49.9,0.5
IN,Monroe ,53.1,91,52.1,1.0
IN,Montgomery ,51.3,88,50.4,0.9
IN,Morgan ,52.7,85,51.8,0.9
IN,Newton ,50.2,80,49.6,0.6
IN,Noble ,49.0,82,48.3,0.7
IN,Ohio ,55.6,115,53.3,2.3
IN,Orange ,54.8,102,53.6,1.2
IN,Owen ,53.4,98,52.0,1.4
IN,Parke ,52.5,88,51.6,0.9
IN,Perry ,55.5,65,55.4,0.1
IN,Pike ,55.8,101,54.4,1.4
IN,Porter ,49.1,73,48.8,0.3
IN,Posey ,56.9,86,56.1,0.8
IN,Pulaski ,49.8,82,49.1,0.7
IN,Putnam ,52.1,85,51.2,0.9
IN,Randolph ,51.5,108,49.9,1.6
IN,Ripley ,53.9,105,52.5,1.4
IN,Rush ,52.5,95,51.3,1.2
IN,Scott ,55.5,111,53.7,1.8
IN,Shelby ,53.3,95,52.1,1.2
IN,Spencer ,56.1,74,55.7,0.4
IN,St. Joseph ,48.8,76,48.3,0.5
IN,Starke ,49.5,83,48.8,0.7
IN,Steuben ,48.3,81,47.7,0.6
IN,Sullivan ,54.7,104,53.1,1.6
IN,Switzerland ,56.0,117,53.6,2.4
IN,Tippecanoe ,50.9,77,50.4,0.5
IN,Tipton ,51.0,83,50.3,0.7
IN,Union ,52.6,106,51.1,1.5
IN,Vanderburgh ,56.9,91,55.9,1.0
IN,Vermillion ,52.2,72,51.8,0.4
IN,Vigo ,54.1,103,52.5,1.6
IN,Wabash ,50.5,77,50.0,0.5
IN,Warren ,50.8,69,50.5,0.3
IN,Warrick ,56.5,97,55.4,1.1
IN,Washington ,55.0,109,53.3,1.7
IN,Wayne ,51.9,103,50.4,1.5
IN,Wells ,50.5,83,49.8,0.7
IN,White ,50.2,73,49.8,0.4
IN,Whitley ,49.6,80,49.0,0.6
IA,Adair ,47.1,22,48.5,-1.4
IA,Adams ,47.9,29,49.0,-1.1
IA,Allamakee ,44.5,34,45.3,-0.8
IA,Appanoose ,49.4,31,50.4,-1.0
IA,Audubon ,46.5,27,47.6,-1.1
IA,Benton ,45.8,19,47.3,-1.5
IA,Black Hawk ,45.9,43,46.6,-0.7
IA,Boone ,47.0,40,47.7,-0.7
IA,Bremer ,45.2,46,45.6,-0.4
IA,Buchanan ,45.0,26,46.2,-1.2
IA,Buena Vista ,44.9,34,45.9,-1.0
IA,Butler ,45.3,42,46.0,-0.7
IA,Calhoun ,45.9,32,46.9,-1.0
IA,Carroll ,46.5,42,47.2,-0.7
IA,Cass ,47.7,26,48.8,-1.1
IA,Cedar ,47.6,35,48.3,-0.7
IA,Cerro Gordo ,44.3,42,45.0,-0.7
IA,Cherokee ,44.8,28,46.0,-1.2
IA,Chickasaw ,44.0,36,44.8,-0.8
IA,Clarke ,48.6,34,49.5,-0.9
IA,Clay ,44.2,36,45.1,-0.9
IA,Clayton ,45.2,37,46.0,-0.8
IA,Clinton ,48.5,65,48.4,0.1
IA,Crawford ,46.6,43,47.2,-0.6
IA,Dallas ,47.9,31,48.9,-1.0
IA,Davis ,49.7,35,50.5,-0.8
IA,Decatur ,49.5,47,50.0,-0.5
IA,Delaware ,45.6,46,46.0,-0.4
IA,Des Moines ,49.8,36,50.5,-0.7
IA,Dickinson ,43.2,25,44.5,-1.3
IA,Dubuque ,46.2,46,46.7,-0.5
IA,Emmet ,43.3,31,44.5,-1.2
IA,Fayette ,44.2,32,45.1,-0.9
IA,Floyd ,44.4,35,45.3,-0.9
IA,Franklin ,45.1,48,45.6,-0.5
IA,Fremont ,49.6,23,50.9,-1.3
IA,Greene ,46.9,38,47.7,-0.8
IA,Grundy ,45.8,39,46.6,-0.8
IA,Guthrie ,47.1,30,48.1,-1.0
IA,Hamilton ,45.6,29,46.7,-1.1
IA,Hancock ,44.0,32,45.1,-1.1
IA,Hardin ,45.8,40,46.4,-0.6
IA,Harrison ,47.7,30,48.8,-1.1
IA,Henry ,48.6,16,50.3,-1.7
IA,Howard ,43.0,38,43.7,-0.7
IA,Humboldt ,44.9,25,46.4,-1.5
IA,Ida ,45.7,31,46.7,-1.0
IA,Iowa ,47.7,44,48.3,-0.6
IA,Jackson ,47.7,62,47.6,0.1
IA,Jasper ,47.9,40,48.7,-0.8
IA,Jefferson ,48.6,18,50.0,-1.4
IA,Johnson ,47.7,30,48.5,-0.8
IA,Jones ,47.5,69,47.3,0.2
IA,Keokuk ,48.4,36,49.0,-0.6
IA,Kossuth ,44.1,33,45.2,-1.1
IA,Lee ,50.3,26,51.4,-1.1
IA,Linn ,46.4,33,47.2,-0.8
IA,Louisa ,49.0,30,49.9,-0.9
IA,Lucas ,48.7,29,49.9,-1.2
IA,Lyon ,43.9,29,45.1,-1.2
IA,Madison ,48.0,26,49.3,-1.3
IA,Mahaska ,48.6,35,49.4,-0.8
IA,Marion ,48.4,19,49.8,-1.4
IA,Marshall ,46.8,42,47.5,-0.7
IA,Mills ,49.2,25,50.3,-1.1
IA,Mitchell ,43.4,34,44.3,-0.9
IA,Monona ,47.0,29,48.0,-1.0
IA,Monroe ,49.0,28,50.2,-1.2
IA,Montgomery ,48.7,27,49.7,-1.0
IA,Muscatine ,48.3,29,49.4,-1.1
IA,O'Brien ,44.1,28,45.4,-1.3
IA,Osceola ,43.2,26,44.6,-1.4
IA,Page ,49.5,38,50.3,-0.8
IA,Palo Alto ,44.6,41,45.3,-0.7
IA,Plymouth ,45.5,32,46.5,-1.0
IA,Pocahontas ,45.0,27,46.4,-1.4
IA,Polk ,48.2,32,49.1,-0.9
IA,Pottawattamie ,48.4,26,49.4,-1.0
IA,Poweshiek ,47.6,46,48.0,-0.4
IA,Ringgold ,49.0,41,49.6,-0.6
IA,Sac ,45.8,36,46.6,-0.8
IA,Scott ,48.8,53,48.8,0.0
IA,Shelby ,47.0,31,48.1,-1.1
IA,Sioux ,44.5,26,45.8,-1.3
IA,Story ,47.0,40,47.7,-0.7
IA,Tama ,46.4,39,47.3,-0.9
IA,Taylor ,48.9,38,49.5,-0.6
IA,Union ,47.9,29,49.0,-1.1
IA,Van Buren ,49.1,13,50.9,-1.8
IA,Wapello ,49.5,42,50.0,-0.5
IA,Warren ,48.6,23,49.9,-1.3
IA,Washington ,48.4,31,49.2,-0.8
IA,Wayne ,49.0,29,50.1,-1.1
IA,Webster ,45.6,26,46.8,-1.2
IA,Winnebago ,43.3,26,44.6,-1.3
IA,Winneshiek ,43.9,50,44.2,-0.3
IA,Woodbury ,46.4,33,47.3,-0.9
IA,Worth ,43.2,26,44.4,-1.2
IA,Wright ,44.8,32,45.9,-1.1
KS,Allen ,55.4,43,56.0,-0.6
KS,Anderson ,54.8,43,55.3,-0.5
KS,Atchison ,52.6,42,53.0,-0.4
KS,Barber ,56.3,46,56.5,-0.2
KS,Barton ,52.9,13,54.3,-1.4
KS,Bourbon ,55.6,44,56.2,-0.6
KS,Brown ,51.7,39,52.2,-0.5
KS,Butler ,55.6,58,55.7,-0.1
KS,Chase ,54.0,42,54.6,-0.6
KS,Chautauqua ,56.7,40,57.4,-0.7
KS,Cherokee ,57.3,51,57.5,-0.2
KS,Cheyenne ,50.8,52,50.7,0.1
KS,Clark ,56.0,38,56.5,-0.5
KS,Clay ,53.2,46,53.6,-0.4
KS,Cloud ,52.6,38,53.2,-0.6
KS,Coffey ,54.8,53,55.0,-0.2
KS,Comanche ,56.0,39,56.4,-0.4
KS,Cowley ,56.4,43,56.9,-0.5
KS,Crawford ,56.3,46,56.7,-0.4
KS,Decatur ,50.9,40,51.3,-0.4
KS,Dickinson ,54.2,53,54.3,-0.1
KS,Doniphan ,52.2,35,53.0,-0.8
KS,Douglas ,54.1,49,54.5,-0.4
KS,Edwards ,54.2,35,54.8,-0.6
KS,Elk ,55.8,40,56.4,-0.6
KS,Ellis ,52.6,27,53.5,-0.9
KS,Ellsworth ,53.8,37,54.5,-0.7
KS,Finney ,53.4,53,53.5,-0.1
KS,Ford ,54.5,48,54.7,-0.2
KS,Franklin ,54.5,49,54.8,-0.3
KS,Geary ,53.7,53,53.9,-0.2
KS,Gove ,52.2,32,52.7,-0.5
KS,Graham ,51.9,26,52.7,-0.8
KS,Grant ,54.2,43,54.5,-0.3
KS,Gray ,53.8,40,54.1,-0.3
KS,Greeley ,51.4,33,51.8,-0.4
KS,Greenwood ,55.1,49,55.4,-0.3
KS,Hamilton ,53.0,27,53.5,-0.5
KS,Harper ,56.7,43,57.1,-0.4
KS,Harvey ,55.4,55,55.4,0.0
KS,Haskell ,54.1,41,54.3,-0.2
KS,Hodgeman ,54.2,47,54.4,-0.2
KS,Jackson ,52.4,43,52.9,-0.5
KS,Jefferson ,53.4,48,53.7,-0.3
KS,Jewell ,51.3,35,52.0,-0.7
KS,Johnson ,54.0,53,54.3,-0.3
KS,Kearny ,53.4,53,53.4,0.0
KS,Kingman ,55.4,29,56.1,-0.7
KS,Kiowa ,54.8,37,55.4,-0.6
KS,Labette ,57.1,45,57.6,-0.5
KS,Lane ,52.6,41,52.9,-0.3
KS,Leavenworth ,53.8,51,53.9,-0.1
KS,Lincoln ,53.3,37,53.9,-0.6
KS,Linn ,55.1,48,55.5,-0.4
KS,Logan ,51.9,36,52.2,-0.3
KS,Lyon ,54.2,53,54.4,-0.2
KS,Marion ,54.7,61,54.6,0.1
KS,Marshall ,51.5,35,52.4,-0.9
KS,McPherson ,54.8,58,54.7,0.1
KS,Meade ,55.4,35,55.9,-0.5
KS,Miami ,54.4,49,54.8,-0.4
KS,Mitchell ,52.2,28,53.1,-0.9
KS,Montgomery ,57.2,43,57.8,-0.6
KS,Morris ,53.7,55,53.8,-0.1
KS,Morton ,54.6,30,55.0,-0.4
KS,Nemaha ,51.3,38,52.0,-0.7
KS,Neosho ,56.1,42,56.7,-0.6
KS,Ness ,53.4,37,54.0,-0.6
KS,Norton ,50.7,24,51.7,-1.0
KS,Osage ,54.4,61,54.4,0.0
KS,Osborne ,52.2,29,53.1,-0.9
KS,Ottawa ,53.8,53,53.9,-0.1
KS,Pawnee ,53.4,18,54.5,-1.1
KS,Phillips ,51.1,22,52.2,-1.1
KS,Pottawatomie ,52.6,42,53.2,-0.6
KS,Pratt ,54.7,29,55.4,-0.7
KS,Rawlins ,50.7,38,51.0,-0.3
KS,Reno ,54.8,30,55.6,-0.8
KS,Republic ,51.4,37,52.0,-0.6
KS,Rice ,54.0,29,54.8,-0.8
KS,Riley ,53.2,47,53.6,-0.4
KS,Rooks ,52.2,27,53.1,-0.9
KS,Rush ,53.0,24,54.0,-1.0
KS,Russell ,53.2,29,53.9,-0.7
KS,Saline ,54.6,56,54.5,0.1
KS,Scott ,52.4,45,52.7,-0.3
KS,Sedgwick ,56.3,58,56.3,0.0
KS,Seward ,55.2,46,55.5,-0.3
KS,Shawnee ,53.7,51,54.0,-0.3
KS,Sheridan ,51.7,47,51.9,-0.2
KS,Sherman ,50.8,65,50.5,0.3
KS,Smith ,51.1,25,52.2,-1.1
KS,Stafford ,53.6,17,54.9,-1.3
KS,Stanton ,54.0,28,54.5,-0.5
KS,Stevens ,54.9,48,55.1,-0.2
KS,Sumner ,57.0,52,57.2,-0.2
KS,Thomas ,51.0,45,51.2,-0.2
KS,Trego ,52.3,23,53.2,-0.9
KS,Wabaunsee ,53.5,52,53.8,-0.3
KS,Wallace ,51.4,50,51.5,-0.1
KS,Washington ,51.5,32,52.3,-0.8
KS,Wichita ,52.0,41,52.3,-0.3
KS,Wilson ,56.4,46,56.9,-0.5
KS,Woodson ,55.5,51,55.9,-0.4
KS,Wyandotte ,54.1,56,54.1,0.0
KY,Adair ,58.7,123,55.6,3.1
KY,Allen ,58.6,103,57.2,1.4
KY,Anderson ,57.0,117,54.6,2.4
KY,Ballard ,58.4,100,57.2,1.2
KY,Barren ,58.3,107,56.8,1.5
KY,Bath ,55.7,100,54.4,1.3
KY,Bell ,55.9,104,54.6,1.3
KY,Boone ,55.7,115,53.4,2.3
KY,Bourbon ,56.2,116,54.0,2.2
KY,Boyd ,56.3,117,54.2,2.1
KY,Boyle ,56.5,113,54.7,1.8
KY,Bracken ,55.3,111,53.5,1.8
KY,Breathitt ,57.1,110,55.6,1.5
KY,Breckinridge ,56.6,100,55.4,1.2
KY,Bullitt ,57.5,117,55.4,2.1
KY,Butler ,58.4,110,56.8,1.6
KY,Caldwell ,58.0,86,57.1,0.9
KY,Calloway ,59.0,103,57.9,1.1
KY,Campbell ,55.7,115,53.7,2.0
KY,Carlisle ,58.6,100,57.5,1.1
KY,Carroll ,56.6,117,54.2,2.4
KY,Carter ,55.3,112,53.6,1.7
KY,Casey ,57.4,119,54.8,2.6
KY,Christian ,59.1,115,57.3,1.8
KY,Clark ,56.6,116,54.4,2.2
KY,Clay ,57.2,118,55.3,1.9
KY,Clinton ,59.5,124,55.9,3.6
KY,Crittenden ,57.6,84,56.8,0.8
KY,Cumberland ,59.5,120,56.6,2.9
KY,Daviess ,57.0,86,56.2,0.8
KY,Edmonson ,58.4,115,56.5,1.9
KY,Elliott ,55.5,108,54.0,1.5
KY,Estill ,57.1,113,55.4,1.7
KY,Fayette ,56.7,118,54.1,2.6
KY,Fleming ,55.1,98,53.9,1.2
KY,Floyd ,57.5,115,55.6,1.9
KY,Franklin ,57.2,118,54.5,2.7
KY,Fulton ,58.9,87,58.2,0.7
KY,Gallatin ,56.5,117,54.0,2.5
KY,Garrard ,57.0,115,55.0,2.0
KY,Grant ,56.0,116,53.7,2.3
KY,Graves ,58.5,89,57.6,0.9
KY,Grayson ,57.5,114,55.7,1.8
KY,Green ,58.2,117,56.0,2.2
KY,Greenup ,55.5,114,53.5,2.0
KY,Hancock ,56.2,72,55.9,0.3
KY,Hardin ,57.1,116,55.2,1.9
KY,Harlan ,54.9,107,53.6,1.3
KY,Harrison ,56.0,115,53.9,2.1
KY,Hart ,58.0,116,56.1,1.9
KY,Henderson ,57.3,87,56.5,0.8
KY,Henry ,56.6,117,54.1,2.5
KY,Hickman ,58.7,91,57.9,0.8
KY,Hopkins ,58.5,108,57.1,1.4
KY,Jackson ,56.6,117,54.7,1.9
KY,Jefferson ,57.5,117,55.3,2.2
KY,Jessamine ,57.0,118,54.5,2.5
KY,Johnson ,56.9,115,54.9,2.0
KY,Kenton ,55.6,115,53.4,2.2
KY,Knott ,56.8,115,55.0,1.8
KY,Knox ,57.2,117,55.3,1.9
KY,Larue ,57.1,112,55.3,1.8
KY,Laurel ,57.4,119,55.1,2.3
KY,Lawrence ,56.6,116,54.5,2.1
KY,Lee ,57.1,108,55.7,1.4
KY,Leslie ,56.6,112,54.9,1.7
KY,Letcher ,56.1,116,54.3,1.8
KY,Lewis ,54.8,101,53.4,1.4
KY,Lincoln ,56.8,117,54.7,2.1
KY,Livingston ,57.7,77,57.1,0.6
KY,Logan ,58.6,104,57.3,1.3
KY,Lyon ,58.2,82,57.5,0.7
KY,Madison ,57.1,115,55.1,2.0
KY,Magoffin ,56.7,114,55.0,1.7
KY,Marion ,57.1,115,55.3,1.8
KY,Marshall ,58.6,84,57.8,0.8
KY,Martin ,57.3,116,55.4,1.9
KY,Mason ,54.9,105,53.3,1.6
KY,McCracken ,58.2,89,57.2,1.0
KY,McCreary ,57.9,121,55.1,2.8
KY,McLean ,58.0,105,56.7,1.3
KY,Meade ,56.5,107,55.1,1.4
KY,Menifee ,55.7,98,54.6,1.1
KY,Mercer ,56.8,114,54.7,2.1
KY,Metcalfe ,58.0,117,56.0,2.0
KY,Monroe ,58.2,105,56.7,1.5
KY,Montgomery ,56.1,112,54.2,1.9
KY,Morgan ,55.9,103,54.6,1.3
KY,Muhlenberg ,58.4,105,57.0,1.4
KY,Nelson ,57.2,115,55.3,1.9
KY,Nicholas ,55.6,112,53.8,1.8
KY,Ohio ,57.7,105,56.3,1.4
KY,Oldham ,56.5,116,54.3,2.2
KY,Owen ,56.6,118,54.1,2.5
KY,Owsley ,57.3,114,55.7,1.6
KY,Pendleton ,55.8,113,53.8,2.0
KY,Perry ,56.9,113,55.3,1.6
KY,Pike ,57.4,116,55.5,1.9
KY,Powell ,56.6,108,55.1,1.5
KY,Pulaski ,58.2,122,55.2,3.0
KY,Robertson ,55.4,110,53.6,1.8
KY,Rockcastle ,57.0,119,54.8,2.2
KY,Rowan ,54.8,82,54.1,0.7
KY,Russell ,59.0,124,55.5,3.5
KY,Scott ,56.6,118,54.0,2.6
KY,Shelby ,56.6,117,54.2,2.4
KY,Simpson ,58.8,109,57.3,1.5
KY,Spencer ,57.0,116,54.9,2.1
KY,Taylor ,57.7,118,55.4,2.3
KY,Todd ,58.9,113,57.2,1.7
KY,Trigg ,59.0,107,57.6,1.4
KY,Trimble ,56.2,116,54.0,2.2
KY,Union ,57.4,83,56.7,0.7
KY,Warren ,59.0,114,57.2,1.8
KY,Washington ,56.8,114,54.9,1.9
KY,Wayne ,59.0,124,55.5,3.5
KY,Webster ,57.8,94,56.8,1.0
KY,Whitley ,57.4,118,55.4,2.0
KY,Wolfe ,56.4,102,55.1,1.3
KY,Woodford ,57.1,118,54.4,2.7
LA,Acadia ,68.7,93,68.0,0.7
LA,Allen ,68.0,96,67.2,0.8
LA,Ascension ,69.3,114,67.6,1.7
LA,Assumption ,70.1,120,68.0,2.1
LA,Avoyelles ,67.0,80,66.7,0.3
LA,Beauregard ,68.1,113,66.7,1.4
LA,Bienville ,65.9,115,64.1,1.8
LA,Bossier ,65.9,109,64.3,1.6
LA,Caddo ,65.9,100,64.8,1.1
LA,Calcasieu ,69.4,115,67.8,1.6
LA,Caldwell ,65.6,90,64.8,0.8
LA,Cameron ,69.8,110,68.4,1.4
LA,Catahoula ,66.1,77,65.8,0.3
LA,Claiborne ,64.6,99,63.6,1.0
LA,Concordia ,66.3,74,66.1,0.2
LA,De Soto ,65.9,98,64.9,1.0
LA,East Baton Rouge ,68.8,115,67.1,1.7
LA,East Carroll ,65.8,112,64.1,1.7
LA,East Feliciana ,68.1,116,66.3,1.8
LA,Evangeline ,67.8,88,67.2,0.6
LA,Franklin ,65.7,83,65.0,0.7
LA,Grant ,66.2,84,65.7,0.5
LA,Iberia ,69.5,109,68.1,1.4
LA,Iberville ,69.0,110,67.6,1.4
LA,Jackson ,65.5,112,63.9,1.6
LA,Jefferson Davis ,69.0,98,68.2,0.8
LA,Jefferson ,70.8,118,68.7,2.1
LA,La Salle ,66.1,84,65.5,0.6
LA,Lafayette ,69.1,108,67.9,1.2
LA,Lafourche ,71.3,122,68.9,2.4
LA,Lincoln ,65.3,112,63.6,1.7
LA,Livingston ,68.9,117,67.1,1.8
LA,Madison ,66.2,109,64.7,1.5
LA,Morehouse ,65.5,114,63.9,1.6
LA,Natchitoches ,66.4,99,65.4,1.0
LA,Orleans ,70.1,118,68.1,2.0
LA,Ouachita ,65.3,98,64.2,1.1
LA,Plaquemines ,71.0,119,69.0,2.0
LA,Pointe Coupee ,68.2,101,67.1,1.1
LA,Rapides ,67.0,88,66.3,0.7
LA,Red River ,66.4,111,64.7,1.7
LA,Richland ,65.5,92,64.6,0.9
LA,Sabine ,66.1,98,65.1,1.0
LA,St. Bernard ,70.1,119,68.2,1.9
LA,St. Charles ,70.6,118,68.4,2.2
LA,St. Helena ,67.9,117,65.9,2.0
LA,St. James ,70.0,120,68.0,2.0
LA,St. John the Baptist ,70.0,118,67.9,2.1
LA,St. Landry ,68.2,98,67.4,0.8
LA,St. Martin ,69.4,115,67.9,1.5
LA,St. Mary ,70.3,119,68.3,2.0
LA,St. Tammany ,68.9,119,66.8,2.1
LA,Tangipahoa ,68.4,118,66.4,2.0
LA,Tensas ,66.1,92,65.3,0.8
LA,Terrebonne ,71.5,122,68.8,2.7
LA,Union ,65.2,112,63.6,1.6
LA,Vermilion ,69.6,106,68.5,1.1
LA,Vernon ,66.9,101,65.8,1.1
LA,Washington ,67.7,117,65.9,1.8
LA,Webster ,65.4,104,64.0,1.4
LA,West Baton Rouge ,68.8,112,67.4,1.4
LA,West Carroll ,65.6,111,64.0,1.6
LA,West Feliciana ,67.8,108,66.6,1.2
LA,Winn ,65.9,99,64.8,1.1
ME,Androscoggin ,43.5,72,43.1,0.4
ME,Aroostook ,37.1,30,37.7,-0.6
ME,Cumberland ,44.4,77,43.9,0.5
ME,Franklin ,38.3,51,38.4,-0.1
ME,Hancock ,43.2,68,43.0,0.2
ME,Kennebec ,43.4,76,42.9,0.5
ME,Knox ,43.6,69,43.3,0.3
ME,Lincoln ,44.2,81,43.6,0.6
ME,Oxford ,40.7,67,40.4,0.3
ME,Penobscot ,41.1,54,41.1,0.0
ME,Piscataquis ,38.2,43,38.3,-0.1
ME,Sagadahoc ,44.5,83,43.9,0.6
ME,Somerset ,38.4,42,38.6,-0.2
ME,Waldo ,43.0,73,42.7,0.3
ME,Washington ,42.6,74,42.1,0.5
ME,York ,45.1,75,44.7,0.4
MD,Allegany ,53.5,116,51.3,2.2
MD,Anne Arundel ,58.4,119,55.4,3.0
MD,Baltimore City,58.0,119,54.7,3.3
MD,Baltimore ,55.7,117,53.0,2.7
MD,Calvert ,58.2,118,55.6,2.6
MD,Caroline ,57.5,119,54.6,2.9
MD,Carroll ,54.2,115,51.8,2.4
MD,Cecil ,55.9,117,53.3,2.6
MD,Charles ,58.6,119,55.7,2.9
MD,Dorchester ,58.6,119,55.7,2.9
MD,Frederick ,54.8,115,52.4,2.4
MD,Garrett ,49.7,117,47.2,2.5
MD,Harford ,55.5,112,53.2,2.3
MD,Howard ,55.9,118,52.9,3.0
MD,Kent ,57.0,117,54.6,2.4
MD,Montgomery ,56.3,119,53.5,2.8
MD,Prince George's ,57.9,119,55.0,2.9
MD,Queen Anne's ,57.3,119,54.7,2.6
MD,Somerset ,59.3,120,56.1,3.2
MD,St. Mary's ,58.4,118,56.0,2.4
MD,Talbot ,58.2,119,55.5,2.7
MD,Washington ,54.5,116,52.1,2.4
MD,"Washington, D.C.",58.0,119,55.0,3.0
MD,Wicomico ,58.7,120,55.3,3.4
MD,Worcester ,59.1,121,55.6,3.5
MA,Barnstable ,50.8,107,49.0,1.8
MA,Berkshire ,45.3,97,44.1,1.2
MA,Bristol ,50.7,103,49.1,1.6
MA,Dukes ,51.2,107,49.3,1.9
MA,Essex ,48.9,100,47.5,1.4
MA,Franklin ,46.9,103,45.3,1.6
MA,Hampden ,48.3,104,46.9,1.4
MA,Hampshire ,47.5,98,46.4,1.1
MA,Middlesex ,49.4,107,47.7,1.7
MA,Nantucket ,50.7,110,48.6,2.1
MA,Norfolk ,50.2,110,48.3,1.9
MA,Plymouth ,50.6,104,48.9,1.7
MA,Suffolk ,50.6,110,48.5,2.1
MA,Worcester ,48.2,109,46.3,1.9
MI,Alcona ,43.1,82,42.5,0.6
MI,Alger ,39.4,33,40.1,-0.7
MI,Allegan ,47.9,70,47.7,0.2
MI,Alpena ,42.9,82,42.3,0.6
MI,Antrim ,42.7,57,42.7,0.0
MI,Arenac ,45.1,86,44.4,0.7
MI,Baraga ,37.7,40,38.2,-0.5
MI,Barry ,47.5,85,46.9,0.6
MI,Bay ,46.5,87,45.6,0.9
MI,Benzie ,43.8,89,42.8,1.0
MI,Berrien ,48.7,68,48.6,0.1
MI,Branch ,48.5,90,47.5,1.0
MI,Calhoun ,48.2,94,47.0,1.2
MI,Cass ,48.3,78,47.9,0.4
MI,Charlevoix ,42.4,38,42.8,-0.4
MI,Cheboygan ,41.6,40,42.0,-0.4
MI,Chippewa ,39.1,35,39.6,-0.5
MI,Clare ,43.7,73,43.4,0.3
MI,Clinton ,47.3,87,46.6,0.7
MI,Crawford ,42.1,71,41.9,0.2
MI,Delta ,40.4,35,41.0,-0.6
MI,Dickinson ,39.2,47,39.5,-0.3
MI,Eaton ,47.5,88,46.7,0.8
MI,Emmet ,41.7,45,41.8,-0.1
MI,Genesee ,47.5,93,46.2,1.3
MI,Gladwin ,44.7,75,44.3,0.4
MI,Gogebic ,37.6,31,38.4,-0.8
MI,Grand Traverse ,43.8,89,42.8,1.0
MI,Gratiot ,46.8,88,46.0,0.8
MI,Hillsdale ,48.0,90,47.0,1.0
MI,Houghton ,39.1,52,39.2,-0.1
MI,Huron ,45.4,86,44.7,0.7
MI,Ingham ,47.4,90,46.4,1.0
MI,Ionia ,47.0,84,46.4,0.6
MI,Iosco ,44.1,85,43.4,0.7
MI,Iron ,37.5,43,37.9,-0.4
MI,Isabella ,45.4,83,44.8,0.6
MI,Jackson ,47.8,93,46.6,1.2
MI,Kalamazoo ,48.3,87,47.5,0.8
MI,Kalkaska ,42.6,76,42.2,0.4
MI,Kent ,46.9,81,46.4,0.5
MI,Keweenaw ,38.8,58,38.7,0.1
MI,Lake ,44.0,54,44.0,0.0
MI,Lapeer ,47.1,91,46.0,1.1
MI,Leelanau ,43.8,89,42.8,1.0
MI,Lenawee ,48.9,94,47.7,1.2
MI,Livingston ,47.4,98,46.1,1.3
MI,Luce ,38.7,31,39.5,-0.8
MI,Mackinac ,39.9,37,40.4,-0.5
MI,Macomb ,49.0,99,47.5,1.5
MI,Manistee ,44.1,77,43.7,0.4
MI,Marquette ,38.2,34,38.9,-0.7
MI,Mason ,44.6,60,44.5,0.1
MI,Mecosta ,44.4,69,44.3,0.1
MI,Menominee ,40.8,37,41.4,-0.6
MI,Midland ,46.4,88,45.7,0.7
MI,Missaukee ,42.7,74,42.3,0.4
MI,Monroe ,50.1,99,48.8,1.3
MI,Montcalm ,45.8,82,45.2,0.6
MI,Montmorency ,41.8,47,42.0,-0.2
MI,Muskegon ,46.8,84,46.2,0.6
MI,Newaygo ,45.1,70,44.9,0.2
MI,Oakland ,47.9,98,46.5,1.4
MI,Oceana ,45.3,78,44.9,0.4
MI,Ogemaw ,43.3,79,42.8,0.5
MI,Ontonagon ,38.6,39,39.1,-0.5
MI,Osceola ,43.1,59,43.0,0.1
MI,Oscoda ,42.2,74,42.0,0.2
MI,Otsego ,41.0,42,41.5,-0.5
MI,Ottawa ,47.6,81,47.2,0.4
MI,Presque Isle ,42.0,51,42.1,-0.1
MI,Roscommon ,43.0,83,42.4,0.6
MI,Saginaw ,47.3,90,46.3,1.0
MI,Sanilac ,46.2,85,45.5,0.7
MI,Schoolcraft ,40.0,34,40.7,-0.7
MI,Shiawassee ,47.3,88,46.4,0.9
MI,St. Clair ,48.3,94,47.0,1.3
MI,St. Joseph ,48.5,82,47.9,0.6
MI,Tuscola ,46.5,86,45.8,0.7
MI,Van Buren ,48.2,70,47.9,0.3
MI,Washtenaw ,47.9,91,46.8,1.1
MI,Wayne ,49.5,98,48.2,1.3
MI,Wexford ,43.0,79,42.5,0.5
MN,Aitkin ,38.1,40,38.6,-0.5
MN,Anoka ,42.4,38,43.1,-0.7
MN,Becker ,37.3,24,38.8,-1.5
MN,Beltrami ,36.5,39,37.2,-0.7
MN,Benton ,40.6,35,41.3,-0.7
MN,Big Stone ,41.2,31,42.5,-1.3
MN,Blue Earth ,43.3,25,44.7,-1.4
MN,Brown ,42.7,19,44.4,-1.7
MN,Carlton ,37.6,32,38.3,-0.7
MN,Carver ,42.8,38,43.7,-0.9
MN,Cass ,38.4,44,38.7,-0.3
MN,Chippewa ,41.9,32,43.1,-1.2
MN,Chisago ,41.6,32,42.4,-0.8
MN,Clay ,38.4,20,40.2,-1.8
MN,Clearwater ,36.4,24,37.6,-1.2
MN,Cook ,34.4,28,35.3,-0.9
MN,Cottonwood ,41.9,18,43.7,-1.8
MN,Crow Wing ,39.3,43,39.6,-0.3
MN,Dakota ,43.4,38,44.2,-0.8
MN,Dodge ,42.3,41,43.0,-0.7
MN,Douglas ,39.1,31,40.2,-1.1
MN,Faribault ,43.3,23,44.8,-1.5
MN,Fillmore ,42.7,31,43.6,-0.9
MN,Freeborn ,42.8,27,43.9,-1.1
MN,Goodhue ,42.9,40,43.7,-0.8
MN,Grant ,40.0,32,41.1,-1.1
MN,Hennepin ,42.9,39,43.5,-0.6
MN,Houston ,44.3,39,44.8,-0.5
MN,Hubbard ,37.6,35,38.4,-0.8
MN,Isanti ,41.5,34,42.1,-0.6
MN,Itasca ,36.8,38,37.3,-0.5
MN,Jackson ,42.4,19,43.9,-1.5
MN,Kanabec ,40.2,39,40.6,-0.4
MN,Kandiyohi ,41.0,32,42.1,-1.1
MN,Kittson ,36.7,55,36.8,-0.1
MN,Koochiching ,36.0,43,36.4,-0.4
MN,Lac qui Parle ,42.0,30,43.3,-1.3
MN,Lake ,35.4,38,36.0,-0.6
MN,Lake of the Woods ,36.4,58,36.2,0.2
MN,Le Sueur ,43.2,35,44.2,-1.0
MN,Lincoln ,40.9,19,42.7,-1.8
MN,Lyon ,41.8,18,43.7,-1.9
MN,Mahnomen ,36.6,22,38.2,-1.6
MN,Marshall ,36.7,37,37.4,-0.7
MN,Martin ,42.9,22,44.4,-1.5
MN,McLeod ,42.2,32,43.2,-1.0
MN,Meeker ,41.0,24,42.2,-1.2
MN,Mille Lacs ,40.3,42,40.6,-0.3
MN,Morrison ,39.8,32,40.5,-0.7
MN,Mower ,42.5,41,43.2,-0.7
MN,Murray ,41.4,19,43.2,-1.8
MN,Nicollet ,43.3,34,44.4,-1.1
MN,Nobles ,42.3,20,43.9,-1.6
MN,Norman ,37.7,20,39.6,-1.9
MN,Olmsted ,42.5,37,43.2,-0.7
MN,Otter Tail ,38.6,28,39.8,-1.2
MN,Pennington ,36.6,26,37.9,-1.3
MN,Pine ,39.5,44,39.7,-0.2
MN,Pipestone ,41.5,22,43.2,-1.7
MN,Polk ,37.3,22,38.8,-1.5
MN,Pope ,40.2,39,41.0,-0.8
MN,Ramsey ,43.1,36,43.9,-0.8
MN,Red Lake ,36.9,22,38.4,-1.5
MN,Redwood ,42.1,16,44.1,-2.0
MN,Renville ,42.1,22,43.6,-1.5
MN,Rice ,42.7,29,43.7,-1.0
MN,Rock ,43.1,30,44.2,-1.1
MN,Roseau ,36.3,56,36.1,0.2
MN,Scott ,43.3,37,44.2,-0.9
MN,Sherburne ,41.3,33,42.1,-0.8
MN,Sibley ,43.0,35,44.0,-1.0
MN,St. Louis ,36.2,41,36.5,-0.3
MN,Stearns ,40.3,32,41.3,-1.0
MN,Steele ,42.5,31,43.5,-1.0
MN,Stevens ,40.5,33,41.6,-1.1
MN,Swift ,41.3,37,42.3,-1.0
MN,Todd ,39.2,32,40.1,-0.9
MN,Traverse ,40.6,30,42.0,-1.4
MN,Wabasha ,43.3,40,43.9,-0.6
MN,Wadena ,38.7,39,39.4,-0.7
MN,Waseca ,42.8,26,44.0,-1.2
MN,Washington ,42.9,35,43.7,-0.8
MN,Watonwan ,42.8,18,44.4,-1.6
MN,Wilkin ,39.8,26,41.1,-1.3
MN,Winona ,43.6,43,44.1,-0.5
MN,Wright ,41.7,34,42.6,-0.9
MN,Yellow Medicine ,42.1,23,43.7,-1.6
MS,Adams ,66.1,81,65.6,0.5
MS,Alcorn ,61.2,102,60.0,1.2
MS,Amite ,66.8,113,65.3,1.5
MS,Attala ,63.9,105,62.7,1.2
MS,Benton ,61.6,109,60.3,1.3
MS,Bolivar ,63.8,100,62.9,0.9
MS,Calhoun ,63.4,105,62.2,1.2
MS,Carroll ,64.3,111,62.6,1.7
MS,Chickasaw ,63.6,108,62.3,1.3
MS,Choctaw ,63.2,101,62.1,1.1
MS,Claiborne ,66.3,105,65.0,1.3
MS,Clarke ,66.4,121,64.2,2.2
MS,Clay ,64.0,106,62.7,1.3
MS,Coahoma ,63.4,99,62.3,1.1
MS,Copiah ,66.3,115,64.8,1.5
MS,Covington ,66.4,115,64.8,1.6
MS,DeSoto ,62.3,86,61.6,0.7
MS,Forrest ,67.3,118,65.5,1.8
MS,Franklin ,66.1,100,65.2,0.9
MS,George ,68.0,119,66.0,2.0
MS,Greene ,67.4,118,65.6,1.8
MS,Grenada ,63.8,104,62.6,1.2
MS,Hancock ,68.3,119,66.5,1.8
MS,Harrison ,67.9,111,66.5,1.4
MS,Hinds ,66.2,114,64.5,1.7
MS,Holmes ,65.3,115,63.5,1.8
MS,Humphreys ,66.1,118,64.0,2.1
MS,Issaquena ,66.0,114,64.2,1.8
MS,Itawamba ,62.9,109,61.4,1.5
MS,Jackson ,68.4,119,66.5,1.9
MS,Jasper ,66.0,118,64.0,2.0
MS,Jefferson ,65.9,93,65.1,0.8
MS,Jefferson Davis ,66.4,114,64.9,1.5
MS,Jones ,66.6,115,65.0,1.6
MS,Kemper ,65.0,117,63.3,1.7
MS,Lafayette ,62.7,99,61.7,1.0
MS,Lamar ,67.1,115,65.4,1.7
MS,Lauderdale ,66.1,121,63.5,2.6
MS,Lawrence ,66.6,116,65.2,1.4
MS,Leake ,64.2,101,63.1,1.1
MS,Lee ,63.2,109,61.8,1.4
MS,Leflore ,65.0,114,63.2,1.8
MS,Lincoln ,66.1,108,64.9,1.2
MS,Lowndes ,64.3,103,63.0,1.3
MS,Madison ,65.3,101,64.2,1.1
MS,Marion ,67.2,115,65.7,1.5
MS,Marshall ,61.9,96,60.9,1.0
MS,Monroe ,63.5,101,62.4,1.1
MS,Montgomery ,63.1,96,62.3,0.8
MS,Neshoba ,64.0,107,62.8,1.2
MS,Newton ,65.4,120,63.3,2.1
MS,Noxubee ,64.7,114,63.1,1.6
MS,Oktibbeha ,64.1,108,62.6,1.5
MS,Panola ,62.9,91,62.1,0.8
MS,Pearl River ,67.5,117,65.8,1.7
MS,Perry ,67.4,118,65.6,1.8
MS,Pike ,66.8,115,65.2,1.6
MS,Pontotoc ,63.1,108,61.8,1.3
MS,Prentiss ,62.0,110,60.7,1.3
MS,Quitman ,63.4,96,62.4,1.0
MS,Rankin ,65.3,102,64.2,1.1
MS,Scott ,64.7,110,63.4,1.3
MS,Sharkey ,66.0,114,64.1,1.9
MS,Simpson ,65.8,112,64.4,1.4
MS,Smith ,65.6,114,64.0,1.6
MS,Stone ,67.3,113,65.8,1.5
MS,Sunflower ,64.6,106,63.3,1.3
MS,Tallahatchie ,64.0,106,62.7,1.3
MS,Tate ,62.4,85,61.8,0.6
MS,Tippah ,61.5,107,60.3,1.2
MS,Tishomingo ,61.6,114,60.1,1.5
MS,Tunica ,62.9,93,62.0,0.9
MS,Union ,62.5,107,61.2,1.3
MS,Walthall ,67.0,116,65.5,1.5
MS,Warren ,66.5,117,64.7,1.8
MS,Washington ,65.0,109,63.7,1.3
MS,Wayne ,66.4,115,64.9,1.5
MS,Webster ,63.2,99,62.2,1.0
MS,Wilkinson ,66.9,100,65.9,1.0
MS,Winston ,63.8,108,62.5,1.3
MS,Yalobusha ,63.3,101,62.2,1.1
MS,Yazoo ,66.1,114,64.4,1.7
MO,Adair ,51.1,59,51.2,-0.1
MO,Andrew ,51.4,34,52.3,-0.9
MO,Atchison ,50.5,29,51.5,-1.0
MO,Audrain ,53.2,58,53.2,0.0
MO,Barry ,56.8,78,56.3,0.5
MO,Barton ,56.0,35,56.8,-0.8
MO,Bates ,55.3,51,55.6,-0.3
MO,Benton ,55.2,71,55.0,0.2
MO,Bollinger ,56.7,80,56.2,0.5
MO,Boone ,54.3,73,54.0,0.3
MO,Buchanan ,52.3,35,53.0,-0.7
MO,Butler ,58.5,78,58.0,0.5
MO,Caldwell ,52.1,51,52.3,-0.2
MO,Callaway ,54.7,79,54.3,0.4
MO,Camden ,56.2,92,55.4,0.8
MO,Cape Girardeau ,57.2,92,56.1,1.1
MO,Carroll ,52.8,46,53.3,-0.5
MO,Carter ,57.1,95,56.1,1.0
MO,Cass ,54.5,70,54.3,0.2
MO,Cedar ,56.1,53,56.3,-0.2
MO,Chariton ,53.1,55,53.3,-0.2
MO,Christian ,56.3,94,55.4,0.9
MO,Clark ,50.7,30,51.7,-1.0
MO,Clay ,53.4,54,53.4,0.0
MO,Clinton ,52.0,45,52.4,-0.4
MO,Cole ,55.8,84,55.2,0.6
MO,Cooper ,54.4,71,54.1,0.3
MO,Crawford ,54.6,73,54.2,0.4
MO,Dade ,56.4,65,56.3,0.1
MO,Dallas ,55.4,69,55.1,0.3
MO,Daviess ,51.2,33,52.0,-0.8
MO,DeKalb ,51.1,32,52.0,-0.9
MO,Dent ,54.7,66,54.5,0.2
MO,Douglas ,56.5,94,55.4,1.1
MO,Dunklin ,60.1,94,59.1,1.0
MO,Franklin ,55.1,83,54.3,0.8
MO,Gasconade ,55.0,87,54.2,0.8
MO,Gentry ,50.7,36,51.4,-0.7
MO,Greene ,56.2,96,55.3,0.9
MO,Grundy ,51.1,27,52.1,-1.0
MO,Harrison ,50.4,42,51.0,-0.6
MO,Henry ,55.3,64,55.4,-0.1
MO,Hickory ,55.5,66,55.5,0.0
MO,Holt ,51.5,31,52.4,-0.9
MO,Howard ,54.0,72,53.7,0.3
MO,Howell ,57.1,107,55.4,1.7
MO,Iron ,54.7,71,54.3,0.4
MO,Jackson ,54.0,59,53.9,0.1
MO,Jasper ,56.9,53,57.0,-0.1
MO,Jefferson ,56.1,93,55.1,1.0
MO,Johnson ,54.4,71,54.1,0.3
MO,Knox ,50.9,38,51.4,-0.5
MO,Laclede ,55.8,84,55.2,0.6
MO,Lafayette ,53.6,57,53.6,0.0
MO,Lawrence ,56.5,77,56.0,0.5
MO,Lewis ,51.4,34,52.3,-0.9
MO,Lincoln ,54.0,76,53.6,0.4
MO,Linn ,51.8,37,52.5,-0.7
MO,Livingston ,52.0,31,52.8,-0.8
MO,Macon ,52.1,60,52.1,0.0
MO,Madison ,55.4,68,55.2,0.2
MO,Maries ,55.8,87,55.1,0.7
MO,Marion ,52.2,43,52.8,-0.6
MO,McDonald ,58.1,90,57.3,0.8
MO,Mercer ,49.8,23,51.0,-1.2
MO,Miller ,56.3,95,55.2,1.1
MO,Mississippi ,58.8,95,57.8,1.0
MO,Moniteau ,55.0,78,54.5,0.5
MO,Monroe ,52.8,56,52.9,-0.1
MO,Montgomery ,54.1,77,53.6,0.5
MO,Morgan ,54.9,76,54.4,0.5
MO,New Madrid ,59.4,90,58.5,0.9
MO,Newton ,57.7,91,56.9,0.8
MO,Nodaway ,50.5,41,51.1,-0.6
MO,Oregon ,57.8,112,56.1,1.7
MO,Osage ,55.6,87,54.9,0.7
MO,Ozark ,57.3,97,56.2,1.1
MO,Pemiscot ,60.5,102,59.3,1.2
MO,Perry ,56.4,94,55.5,0.9
MO,Pettis ,54.2,56,54.2,0.0
MO,Phelps ,55.5,73,55.1,0.4
MO,Pike ,53.1,62,53.0,0.1
MO,Platte ,53.4,52,53.5,-0.1
MO,Polk ,55.9,79,55.4,0.5
MO,Pulaski ,56.2,90,55.3,0.9
MO,Putnam ,49.8,29,50.8,-1.0
MO,Ralls ,52.7,53,53.0,-0.3
MO,Randolph ,53.3,74,52.9,0.4
MO,Ray ,53.0,54,53.1,-0.1
MO,Reynolds ,55.4,83,54.8,0.6
MO,Ripley ,58.0,89,57.1,0.9
MO,Saline ,53.8,58,53.8,0.0
MO,Schuyler ,50.3,44,50.7,-0.4
MO,Scotland ,50.3,36,51.1,-0.8
MO,Scott ,58.3,92,57.2,1.1
MO,Shannon ,56.5,100,55.3,1.2
MO,Shelby ,51.6,39,52.2,-0.6
MO,St. Charles ,55.3,82,54.7,0.6
MO,St. Clair ,55.6,46,56.0,-0.4
MO,St. Francois ,55.2,84,54.6,0.6
MO,St. Louis City,56.3,81,55.6,0.7
MO,St. Louis ,55.9,80,55.2,0.7
MO,Ste. Genevieve ,56.1,90,55.2,0.9
MO,Stoddard ,58.6,84,57.9,0.7
MO,Stone ,57.0,82,56.4,0.6
MO,Sullivan ,50.6,30,51.5,-0.9
MO,Taney ,57.2,82,56.6,0.6
MO,Texas ,55.6,83,54.9,0.7
MO,Vernon ,55.6,35,56.5,-0.9
MO,Warren ,54.7,88,53.8,0.9
MO,Washington ,54.8,83,54.2,0.6
MO,Wayne ,56.8,76,56.3,0.5
MO,Webster ,55.2,82,54.5,0.7
MO,Worth ,50.0,47,50.4,-0.4
MO,Wright ,55.5,82,54.8,0.7
MT,Beaverhead ,37.3,77,36.8,0.5
MT,Big Horn ,43.0,29,44.1,-1.1
MT,Blaine ,40.4,42,41.3,-0.9
MT,Broadwater ,41.4,46,41.8,-0.4
MT,Carbon ,40.6,35,41.3,-0.7
MT,Carter ,41.6,30,42.8,-1.2
MT,Cascade ,40.5,17,42.2,-1.7
MT,Chouteau ,41.2,24,42.8,-1.6
MT,Custer ,42.8,30,44.0,-1.2
MT,Daniels ,37.2,38,38.1,-0.9
MT,Dawson ,41.0,41,42.1,-1.1
MT,Deer Lodge ,37.5,82,36.8,0.7
MT,Fallon ,41.2,23,42.7,-1.5
MT,Fergus ,41.5,22,43.0,-1.5
MT,Flathead ,39.3,75,38.7,0.6
MT,Gallatin ,38.5,51,38.7,-0.2
MT,Garfield ,41.7,34,43.0,-1.3
MT,Glacier ,38.2,57,38.0,0.2
MT,Golden Valley ,40.8,6,43.6,-2.8
MT,Granite ,38.7,81,38.0,0.7
MT,Hill ,39.2,39,40.4,-1.2
MT,Jefferson ,40.2,77,39.8,0.4
MT,Judith Basin ,40.2,39,40.7,-0.5
MT,Lake ,42.7,75,42.3,0.4
MT,Lewis and Clark ,39.3,43,39.7,-0.4
MT,Liberty ,39.3,34,40.5,-1.2
MT,Lincoln ,41.5,92,40.3,1.2
MT,Madison ,38.9,74,38.6,0.3
MT,McCone ,41.0,44,41.7,-0.7
MT,Meagher ,38.5,55,38.5,0.0
MT,Mineral ,41.7,83,41.2,0.5
MT,Missoula ,40.6,71,40.3,0.3
MT,Musselshell ,42.6,15,44.7,-2.1
MT,Park ,38.1,69,37.8,0.3
MT,Petroleum ,43.4,24,44.8,-1.4
MT,Phillips ,40.8,35,41.9,-1.1
MT,Pondera ,39.9,45,40.4,-0.5
MT,Powder River ,42.9,24,44.3,-1.4
MT,Powell ,38.6,70,38.3,0.3
MT,Prairie ,41.7,32,43.0,-1.3
MT,Ravalli ,39.7,76,39.3,0.4
MT,Richland ,40.5,40,41.3,-0.8
MT,Roosevelt ,39.4,45,40.0,-0.6
MT,Rosebud ,42.5,26,44.0,-1.5
MT,Sanders ,42.0,57,42.1,-0.1
MT,Sheridan ,38.0,40,38.7,-0.7
MT,Silver Bow ,38.9,80,38.3,0.6
MT,Stillwater ,40.3,8,42.6,-2.3
MT,Sweet Grass ,40.3,21,41.6,-1.3
MT,Teton ,39.7,37,40.4,-0.7
MT,Toole ,40.1,46,40.6,-0.5
MT,Treasure ,43.2,24,44.6,-1.4
MT,Valley ,39.1,39,40.1,-1.0
MT,Wheatland ,40.3,18,41.8,-1.5
MT,Wibaux ,40.7,22,42.3,-1.6
MT,Yellowstone ,43.3,15,45.3,-2.0
NE,Adams ,49.4,35,50.1,-0.7
NE,Antelope ,46.3,26,47.8,-1.5
NE,Arthur ,46.6,24,47.4,-0.8
NE,Banner ,46.3,41,46.6,-0.3
NE,Blaine ,46.5,13,48.2,-1.7
NE,Boone ,47.2,35,48.0,-0.8
NE,Box Butte ,45.0,21,46.1,-1.1
NE,Boyd ,45.8,14,47.8,-2.0
NE,Brown ,46.2,24,47.6,-1.4
NE,Buffalo ,48.4,27,49.3,-0.9
NE,Burt ,47.6,32,48.5,-0.9
NE,Butler ,48.5,33,49.4,-0.9
NE,Cass ,49.6,28,50.6,-1.0
NE,Cedar ,45.7,24,47.3,-1.6
NE,Chase ,49.2,28,49.8,-0.6
NE,Cherry ,45.5,24,46.6,-1.1
NE,Cheyenne ,46.8,24,47.6,-0.8
NE,Clay ,49.7,38,50.2,-0.5
NE,Colfax ,48.0,35,48.8,-0.8
NE,Cuming ,46.9,27,48.2,-1.3
NE,Custer ,47.0,24,48.2,-1.2
NE,Dakota ,46.4,27,47.7,-1.3
NE,Dawes ,45.1,15,46.6,-1.5
NE,Dawson ,48.2,19,49.5,-1.3
NE,Deuel ,47.5,17,48.7,-1.2
NE,Dixon ,45.6,17,47.4,-1.8
NE,Dodge ,48.3,35,49.1,-0.8
NE,Douglas ,49.5,46,49.9,-0.4
NE,Dundy ,50.3,45,50.6,-0.3
NE,Fillmore ,49.6,28,50.6,-1.0
NE,Franklin ,50.1,28,50.9,-0.8
NE,Frontier ,49.2,24,50.1,-0.9
NE,Furnas ,49.9,19,51.2,-1.3
NE,Gage ,50.2,31,51.3,-1.1
NE,Garden ,46.3,21,47.2,-0.9
NE,Garfield ,46.3,27,47.3,-1.0
NE,Gosper ,48.9,15,50.2,-1.3
NE,Grant ,45.4,19,46.4,-1.0
NE,Greeley ,47.2,33,48.1,-0.9
NE,Hall ,48.9,33,49.6,-0.7
NE,Hamilton ,49.4,42,50.0,-0.6
NE,Harlan ,50.1,24,51.2,-1.1
NE,Hayes ,49.0,22,49.9,-0.9
NE,Hitchcock ,50.4,30,51.1,-0.7
NE,Holt ,45.7,22,47.3,-1.6
NE,Hooker ,45.6,11,47.3,-1.7
NE,Howard ,48.4,33,49.1,-0.7
NE,Jefferson ,50.7,39,51.3,-0.6
NE,Johnson ,50.0,25,51.4,-1.4
NE,Kearney ,49.1,31,50.0,-0.9
NE,Keith ,48.0,21,48.9,-0.9
NE,Keya Paha ,45.7,22,47.2,-1.5
NE,Kimball ,45.7,35,46.2,-0.5
NE,Knox ,46.1,23,47.7,-1.6
NE,Lancaster ,49.8,32,50.6,-0.8
NE,Lincoln ,48.0,22,49.0,-1.0
NE,Logan ,46.5,14,48.1,-1.6
NE,Loup ,46.3,23,47.5,-1.2
NE,Madison ,46.9,26,48.2,-1.3
NE,McPherson ,46.4,15,47.8,-1.4
NE,Merrick ,49.1,43,49.6,-0.5
NE,Morrill ,46.7,33,47.3,-0.6
NE,Nance ,48.4,42,48.9,-0.5
NE,Nemaha ,50.5,25,51.8,-1.3
NE,Nuckolls ,50.4,41,50.9,-0.5
NE,Otoe ,49.7,21,51.1,-1.4
NE,Pawnee ,50.5,26,51.7,-1.2
NE,Perkins ,48.2,19,49.2,-1.0
NE,Phelps ,48.9,22,50.1,-1.2
NE,Pierce ,46.0,25,47.6,-1.6
NE,Platte ,48.0,36,48.6,-0.6
NE,Polk ,48.9,38,49.5,-0.6
NE,Red Willow ,50.3,33,50.9,-0.6
NE,Richardson ,51.3,37,52.1,-0.8
NE,Rock ,45.7,22,47.2,-1.5
NE,Saline ,49.5,27,50.8,-1.3
NE,Sarpy ,49.7,39,50.3,-0.6
NE,Saunders ,49.3,43,49.8,-0.5
NE,Scotts Bluff ,47.1,46,47.4,-0.3
NE,Seward ,48.9,28,50.2,-1.3
NE,Sheridan ,44.8,22,45.8,-1.0
NE,Sherman ,48.0,39,48.6,-0.6
NE,Sioux ,44.3,23,45.4,-1.1
NE,Stanton ,46.8,25,48.2,-1.4
NE,Thayer ,50.6,41,51.1,-0.5
NE,Thomas ,46.3,9,48.2,-1.9
NE,Thurston ,46.6,27,47.9,-1.3
NE,Valley ,47.1,31,47.9,-0.8
NE,Washington ,48.7,37,49.4,-0.7
NE,Wayne ,45.8,18,47.6,-1.8
NE,Webster ,50.1,30,50.9,-0.8
NE,Wheeler ,46.6,32,47.6,-1.0
NE,York ,49.2,29,50.3,-1.1
NV,Carson City,49.5,84,48.8,0.7
NV,Churchill ,50.8,74,50.5,0.3
NV,Clark ,63.9,88,63.2,0.7
NV,Douglas ,48.3,74,47.9,0.4
NV,Elko ,44.2,48,44.3,-0.1
NV,Esmeralda ,52.9,97,51.0,1.9
NV,Eureka ,45.2,56,45.1,0.1
NV,Humboldt ,48.4,69,48.1,0.3
NV,Lander ,47.1,51,47.0,0.1
NV,Lincoln ,54.2,66,53.9,0.3
NV,Lyon ,50.9,90,50.1,0.8
NV,Mineral ,50.0,92,48.9,1.1
NV,Nye ,51.6,90,50.5,1.1
NV,Pershing ,50.0,57,49.9,0.1
NV,Storey ,50.2,87,49.4,0.8
NV,Washoe ,48.4,68,48.1,0.3
NV,White Pine ,45.1,58,45.0,0.1
NH,Belknap ,44.6,82,43.9,0.7
NH,Carroll ,42.4,58,42.2,0.2
NH,Cheshire ,45.3,100,43.9,1.4
NH,Coos ,38.5,56,38.4,0.1
NH,Grafton ,41.3,77,40.8,0.5
NH,Hillsborough ,46.7,105,45.1,1.6
NH,Merrimack ,45.1,95,44.1,1.0
NH,Rockingham ,47.2,96,46.2,1.0
NH,Strafford ,45.5,76,45.1,0.4
NH,Sullivan ,43.6,96,42.5,1.1
NJ,Atlantic ,56.0,118,52.7,3.3
NJ,Bergen ,53.5,113,51.0,2.5
NJ,Burlington ,56.0,119,52.9,3.1
NJ,Camden ,56.4,118,53.3,3.1
NJ,Cape May ,56.4,118,53.1,3.3
NJ,Cumberland ,56.3,118,53.1,3.2
NJ,Essex ,53.7,113,51.3,2.4
NJ,Gloucester ,56.6,118,53.5,3.1
NJ,Hudson ,55.2,113,52.7,2.5
NJ,Hunterdon ,52.7,116,49.5,3.2
NJ,Mercer ,54.8,117,51.8,3.0
NJ,Middlesex ,54.7,114,51.9,2.8
NJ,Monmouth ,55.0,116,52.0,3.0
NJ,Morris ,51.2,110,48.9,2.3
NJ,Ocean ,55.3,119,52.3,3.0
NJ,Passaic ,51.5,113,49.2,2.3
NJ,Salem ,56.6,118,53.6,3.0
NJ,Somerset ,53.6,116,50.7,2.9
NJ,Sussex ,49.8,109,47.7,2.1
NJ,Union ,54.3,113,51.8,2.5
NJ,Warren ,51.1,116,48.3,2.8
NM,Bernalillo ,53.8,101,52.2,1.6
NM,Catron ,48.6,95,47.7,0.9
NM,Chaves ,60.2,116,57.9,2.3
NM,Cibola ,49.1,85,48.3,0.8
NM,Colfax ,47.2,80,46.6,0.6
NM,Curry ,57.5,112,55.5,2.0
NM,De Baca ,58.8,115,56.6,2.2
NM,Dona Ana ,62.3,116,60.1,2.2
NM,Eddy ,62.5,112,60.5,2.0
NM,Grant ,56.5,108,54.9,1.6
NM,Guadalupe ,55.4,103,54.0,1.4
NM,Harding ,54.1,86,53.3,0.8
NM,Hidalgo ,60.4,103,59.0,1.4
NM,Lea ,60.8,105,59.4,1.4
NM,Lincoln ,54.9,106,53.3,1.6
NM,Los Alamos ,46.9,84,46.2,0.7
NM,Luna ,61.4,107,59.8,1.6
NM,McKinley ,49.2,88,48.3,0.9
NM,Mora ,48.2,104,46.9,1.3
NM,Otero ,58.3,109,56.6,1.7
NM,Quay ,57.6,102,56.5,1.1
NM,Rio Arriba ,45.6,97,44.6,1.0
NM,Roosevelt ,58.4,110,56.4,2.0
NM,San Juan ,51.4,88,50.4,1.0
NM,San Miguel ,52.9,95,51.9,1.0
NM,Sandoval ,50.2,94,49.2,1.0
NM,Santa Fe ,49.5,96,48.5,1.0
NM,Sierra ,58.3,108,56.6,1.7
NM,Socorro ,54.7,107,53.0,1.7
NM,Taos ,43.2,97,42.1,1.1
NM,Torrance ,51.3,109,49.6,1.7
NM,Union ,52.0,73,51.5,0.5
NM,Valencia ,55.8,106,54.0,1.8
NY,Albany ,47.2,89,46.3,0.9
NY,Allegany ,46.0,100,44.8,1.2
NY,Bronx ,55.1,113,52.6,2.5
NY,Broome ,46.1,73,45.7,0.4
NY,Cattaraugus ,45.7,93,44.7,1.0
NY,Cayuga ,46.1,57,46.1,0.0
NY,Chautauqua ,47.0,95,45.9,1.1
NY,Chemung ,47.2,99,45.9,1.3
NY,Chenango ,45.0,79,44.4,0.6
NY,Clinton ,42.0,68,41.7,0.3
NY,Columbia ,48.2,95,47.0,1.2
NY,Cortland ,44.5,65,44.2,0.3
NY,Delaware ,44.4,79,43.8,0.6
NY,Dutchess ,49.9,109,47.8,2.1
NY,Erie ,46.9,83,46.2,0.7
NY,Essex ,40.5,56,40.4,0.1
NY,Franklin ,40.5,68,40.3,0.2
NY,Fulton ,44.0,71,43.7,0.3
NY,Genesee ,46.3,69,46.0,0.3
NY,Greene ,45.9,86,45.0,0.9
NY,Hamilton ,39.8,55,39.8,0.0
NY,Herkimer ,41.9,60,41.8,0.1
NY,Jefferson ,44.0,76,43.6,0.4
NY,Kings ,55.5,113,53.0,2.5
NY,Lewis ,41.7,76,41.3,0.4
NY,Livingston ,47.3,90,46.3,1.0
NY,Madison ,44.7,78,44.1,0.6
NY,Monroe ,47.5,79,46.9,0.6
NY,Montgomery ,46.1,68,45.9,0.2
NY,Nassau ,54.4,113,51.9,2.5
NY,New York ,55.4,113,52.9,2.5
NY,Niagara ,47.0,57,46.9,0.1
NY,Oneida ,44.4,71,44.1,0.3
NY,Onondaga ,46.1,71,45.7,0.4
NY,Ontario ,46.8,75,46.4,0.4
NY,Orange ,50.1,110,47.9,2.2
NY,Orleans ,46.6,53,46.7,-0.1
NY,Oswego ,45.5,78,44.9,0.6
NY,Otsego ,44.1,59,44.0,0.1
NY,Putnam ,50.6,112,48.2,2.4
NY,Queens ,55.1,113,52.7,2.4
NY,Rensselaer ,47.0,101,45.6,1.4
NY,Richmond ,55.4,113,52.8,2.6
NY,Rockland ,52.2,113,49.7,2.5
NY,Saratoga ,46.0,96,44.9,1.1
NY,Schenectady ,46.8,92,45.9,0.9
NY,Schoharie ,44.6,61,44.4,0.2
NY,Schuyler ,46.4,90,45.6,0.8
NY,Seneca ,46.8,47,47.0,-0.2
NY,St. Lawrence ,42.2,72,41.8,0.4
NY,Steuben ,46.3,96,45.2,1.1
NY,Suffolk ,52.8,113,50.4,2.4
NY,Sullivan ,46.8,102,45.2,1.6
NY,Tioga ,46.6,88,45.9,0.7
NY,Tompkins ,45.8,65,45.7,0.1
NY,Ulster ,47.6,101,46.0,1.6
NY,Warren ,43.0,86,42.3,0.7
NY,Washington ,45.8,98,44.5,1.3
NY,Wayne ,46.6,52,46.7,-0.1
NY,Westchester ,52.5,112,50.0,2.5
NY,Wyoming ,45.5,84,44.7,0.8
NY,Yates ,46.5,67,46.2,0.3
NC,Alamance ,60.1,117,58.2,1.9
NC,Alexander ,58.9,116,57.1,1.8
NC,Alleghany ,53.4,121,50.9,2.5
NC,Anson ,63.8,122,60.8,3.0
NC,Ashe ,52.0,119,49.9,2.1
NC,Avery ,51.7,121,49.2,2.5
NC,Beaufort ,63.9,123,61.0,2.9
NC,Bertie ,62.4,123,59.4,3.0
NC,Bladen ,64.1,122,61.7,2.4
NC,Brunswick ,64.9,122,62.4,2.5
NC,Buncombe ,55.6,120,53.2,2.4
NC,Burke ,58.8,119,56.9,1.9
NC,Cabarrus ,61.6,120,59.4,2.2
NC,Caldwell ,58.4,119,56.5,1.9
NC,Camden ,62.4,123,59.2,3.2
NC,Carteret ,65.2,123,62.4,2.8
NC,Caswell ,59.6,116,57.7,1.9
NC,Catawba ,59.9,119,57.9,2.0
NC,Chatham ,61.1,118,59.1,2.0
NC,Cherokee ,57.9,121,55.7,2.2
NC,Chowan ,63.0,123,59.8,3.2
NC,Clay ,56.4,121,54.2,2.2
NC,Cleveland ,60.5,120,58.6,1.9
NC,Columbus ,64.6,122,62.1,2.5
NC,Craven ,64.2,123,61.3,2.9
NC,Cumberland ,63.9,122,61.2,2.7
NC,Currituck ,62.6,123,59.4,3.2
NC,Dare ,63.7,121,61.2,2.5
NC,Davidson ,60.2,118,58.0,2.2
NC,Davie ,59.7,120,57.3,2.4
NC,Duplin ,63.4,122,61.0,2.4
NC,Durham ,60.5,118,58.2,2.3
NC,Edgecombe ,62.1,122,59.6,2.5
NC,Forsyth ,59.6,120,57.0,2.6
NC,Franklin ,61.0,121,58.3,2.7
NC,Gaston ,61.9,122,59.0,2.9
NC,Gates ,61.7,123,58.9,2.8
NC,Graham ,55.6,120,53.6,2.0
NC,Granville ,60.1,121,57.5,2.6
NC,Greene ,63.0,120,60.6,2.4
NC,Guilford ,59.9,118,57.7,2.2
NC,Halifax ,61.3,121,58.6,2.7
NC,Harnett ,63.1,122,60.4,2.7
NC,Haywood ,52.5,120,50.4,2.1
NC,Henderson ,56.9,120,54.6,2.3
NC,Hertford ,61.6,123,58.9,2.7
NC,Hoke ,63.7,122,60.7,3.0
NC,Hyde ,64.6,123,61.7,2.9
NC,Iredell ,59.8,120,57.5,2.3
NC,Jackson ,53.8,119,51.8,2.0
NC,Johnston ,62.9,122,60.2,2.7
NC,Jones ,63.9,123,61.0,2.9
NC,Lee ,62.1,120,59.7,2.4
NC,Lenoir ,63.2,121,60.8,2.4
NC,Lincoln ,60.9,122,58.3,2.6
NC,Macon ,54.9,118,53.0,1.9
NC,Madison ,56.0,120,53.8,2.2
NC,Martin ,62.9,123,59.8,3.1
NC,McDowell ,57.9,119,55.8,2.1
NC,Mecklenburg ,62.2,122,59.4,2.8
NC,Mitchell ,53.0,120,50.7,2.3
NC,Montgomery ,62.5,121,59.8,2.7
NC,Moore ,62.6,122,59.9,2.7
NC,Nash ,61.4,121,58.8,2.6
NC,New Hanover ,65.0,122,62.5,2.5
NC,Northampton ,61.2,121,58.5,2.7
NC,Onslow ,64.6,123,61.6,3.0
NC,Orange ,60.1,118,57.9,2.2
NC,Pamlico ,64.7,123,62.0,2.7
NC,Pasquotank ,62.7,124,59.4,3.3
NC,Pender ,64.2,122,61.8,2.4
NC,Perquimans ,62.8,123,59.5,3.3
NC,Person ,59.5,120,57.1,2.4
NC,Pitt ,63.2,123,60.5,2.7
NC,Polk ,60.4,120,58.4,2.0
NC,Randolph ,60.6,116,58.7,1.9
NC,Richmond ,64.0,122,60.8,3.2
NC,Robeson ,64.5,122,61.7,2.8
NC,Rockingham ,59.5,118,57.4,2.1
NC,Rowan ,60.5,120,58.2,2.3
NC,Rutherford ,60.1,117,58.3,1.8
NC,Sampson ,63.5,122,61.0,2.5
NC,Scotland ,64.4,123,61.0,3.4
NC,Stanly ,62.4,120,60.0,2.4
NC,Stokes ,59.1,121,56.5,2.6
NC,Surry ,58.0,120,55.5,2.5
NC,Swain ,53.4,118,51.6,1.8
NC,Transylvania ,55.6,120,53.3,2.3
NC,Tyrrell ,63.7,123,60.7,3.0
NC,Union ,62.7,121,60.1,2.6
NC,Vance ,60.2,121,57.6,2.6
NC,Wake ,61.6,118,59.2,2.4
NC,Warren ,60.6,121,57.8,2.8
NC,Washington ,63.4,123,60.2,3.2
NC,Watauga ,52.3,120,50.0,2.3
NC,Wayne ,63.2,122,60.6,2.6
NC,Wilkes ,58.2,120,55.8,2.4
NC,Wilson ,62.4,120,59.9,2.5
NC,Yadkin ,59.0,121,56.5,2.5
NC,Yancey ,52.8,120,50.4,2.4
ND,Adams ,39.8,22,41.5,-1.7
ND,Barnes ,38.2,24,39.7,-1.5
ND,Benson ,36.8,30,38.0,-1.2
ND,Billings ,40.1,28,41.5,-1.4
ND,Bottineau ,36.6,33,37.9,-1.3
ND,Bowman ,40.3,18,42.0,-1.7
ND,Burke ,36.7,37,37.7,-1.0
ND,Burleigh ,38.9,28,40.2,-1.3
ND,Cass ,38.7,20,40.5,-1.8
ND,Cavalier ,35.3,37,36.2,-0.9
ND,Dickey ,39.0,16,41.1,-2.1
ND,Divide ,37.6,48,37.9,-0.3
ND,Dunn ,39.7,37,40.8,-1.1
ND,Eddy ,37.1,24,38.6,-1.5
ND,Emmons ,39.1,14,41.4,-2.3
ND,Foster ,37.3,22,39.0,-1.7
ND,Golden Valley ,40.3,23,41.9,-1.6
ND,Grand Forks ,37.5,24,39.0,-1.5
ND,Grant ,39.8,23,41.5,-1.7
ND,Griggs ,37.1,27,38.5,-1.4
ND,Hettinger ,39.5,23,41.1,-1.6
ND,Kidder ,37.8,22,39.5,-1.7
ND,LaMoure ,38.7,19,40.7,-2.0
ND,Logan ,37.7,14,40.0,-2.3
ND,McHenry ,37.8,31,39.1,-1.3
ND,McIntosh ,37.4,12,40.4,-3.0
ND,McKenzie ,39.7,39,40.7,-1.0
ND,McLean ,38.9,32,40.1,-1.2
ND,Mercer ,39.6,29,41.0,-1.4
ND,Morton ,39.6,26,41.1,-1.5
ND,Mountrail ,37.9,38,38.9,-1.0
ND,Nelson ,36.4,27,37.8,-1.4
ND,Oliver ,39.1,21,41.0,-1.9
ND,Pembina ,36.8,36,37.6,-0.8
ND,Pierce ,36.6,32,37.7,-1.1
ND,Ramsey ,36.4,28,37.6,-1.2
ND,Ransom ,38.9,18,41.0,-2.1
ND,Renville ,37.4,32,38.6,-1.2
ND,Richland ,39.7,20,41.5,-1.8
ND,Rolette ,35.4,42,36.2,-0.8
ND,Sargent ,38.9,13,41.4,-2.5
ND,Sheridan ,38.3,37,39.2,-0.9
ND,Sioux ,40.1,19,42.0,-1.9
ND,Slope ,40.4,23,42.1,-1.7
ND,Stark ,39.7,26,41.2,-1.5
ND,Steele ,37.2,20,39.1,-1.9
ND,Stutsman ,38.0,22,39.7,-1.7
ND,Towner ,35.8,44,36.4,-0.6
ND,Traill ,38.1,19,40.0,-1.9
ND,Walsh ,36.8,30,37.9,-1.1
ND,Ward ,38.2,34,39.4,-1.2
ND,Wells ,37.1,24,38.6,-1.5
ND,Williams ,38.9,47,39.2,-0.3
OH,Adams ,54.5,109,52.8,1.7
OH,Allen ,51.3,97,50.0,1.3
OH,Ashland ,50.3,107,48.6,1.7
OH,Ashtabula ,49.6,110,47.5,2.1
OH,Athens ,53.8,113,51.9,1.9
OH,Auglaize ,51.0,90,50.0,1.0
OH,Belmont ,52.2,110,50.6,1.6
OH,Brown ,54.1,109,52.4,1.7
OH,Butler ,54.1,110,52.3,1.8
OH,Carroll ,51.3,114,49.2,2.1
OH,Champaign ,51.2,90,50.2,1.0
OH,Clark ,52.2,101,50.8,1.4
OH,Clermont ,54.7,112,52.8,1.9
OH,Clinton ,53.1,110,51.3,1.8
OH,Columbiana ,50.5,105,48.9,1.6
OH,Coshocton ,51.9,113,50.0,1.9
OH,Crawford ,50.8,111,49.0,1.8
OH,Cuyahoga ,51.1,107,49.3,1.8
OH,Darke ,51.9,109,50.3,1.6
OH,Defiance ,49.9,81,49.3,0.6
OH,Delaware ,52.2,102,50.8,1.4
OH,Erie ,51.1,95,50.1,1.0
OH,Fairfield ,53.1,111,51.3,1.8
OH,Fayette ,52.9,109,51.2,1.7
OH,Franklin ,53.4,110,51.7,1.7
OH,Fulton ,49.8,89,48.8,1.0
OH,Gallia ,55.1,110,53.4,1.7
OH,Geauga ,49.5,112,47.3,2.2
OH,Greene ,53.1,109,51.4,1.7
OH,Guernsey ,52.6,116,50.6,2.0
OH,Hamilton ,55.2,115,53.2,2.0
OH,Hancock ,51.8,113,49.8,2.0
OH,Hardin ,51.8,113,49.8,2.0
OH,Harrison ,51.8,114,49.9,1.9
OH,Henry ,50.7,95,49.5,1.2
OH,Highland ,53.3,108,51.6,1.7
OH,Hocking ,53.3,114,51.4,1.9
OH,Holmes ,50.9,106,49.2,1.7
OH,Huron ,50.4,96,49.3,1.1
OH,Jackson ,54.4,113,52.5,1.9
OH,Jefferson ,51.7,106,50.3,1.4
OH,Knox ,50.5,97,49.3,1.2
OH,Lake ,50.7,111,48.4,2.3
OH,Lawrence ,55.7,115,53.6,2.1
OH,Licking ,51.7,100,50.3,1.4
OH,Logan ,50.9,95,49.7,1.2
OH,Lorain ,50.8,93,49.7,1.1
OH,Lucas ,51.1,99,49.7,1.4
OH,Madison ,52.5,105,51.0,1.5
OH,Mahoning ,50.3,112,48.2,2.1
OH,Marion ,51.9,112,50.0,1.9
OH,Medina ,50.8,108,49.1,1.7
OH,Meigs ,54.5,111,52.8,1.7
OH,Mercer ,50.8,85,49.9,0.9
OH,Miami ,52.8,113,50.9,1.9
OH,Monroe ,52.8,109,51.2,1.6
OH,Montgomery ,53.4,110,51.6,1.8
OH,Morgan ,53.4,115,51.5,1.9
OH,Morrow ,50.6,100,49.2,1.4
OH,Muskingum ,52.9,115,50.8,2.1
OH,Noble ,53.2,115,51.2,2.0
OH,Ottawa ,51.3,97,50.1,1.2
OH,Paulding ,50.3,81,49.7,0.6
OH,Perry ,52.7,114,50.9,1.8
OH,Pickaway ,54.3,115,52.2,2.1
OH,Pike ,54.5,115,52.4,2.1
OH,Portage ,50.5,115,47.9,2.6
OH,Preble ,52.3,106,50.8,1.5
OH,Putnam ,51.1,96,49.9,1.2
OH,Richland ,50.1,108,48.3,1.8
OH,Ross ,54.2,115,52.1,2.1
OH,Sandusky ,51.2,95,50.1,1.1
OH,Scioto ,55.1,113,53.0,2.1
OH,Seneca ,51.0,102,49.7,1.3
OH,Shelby ,51.3,95,50.2,1.1
OH,Stark ,51.5,116,48.8,2.7
OH,Summit ,51.5,115,48.9,2.6
OH,Trumbull ,50.1,112,47.8,2.3
OH,Tuscarawas ,51.9,114,49.8,2.1
OH,Union ,51.9,100,50.5,1.4
OH,Van Wert ,50.5,80,49.9,0.6
OH,Vinton ,53.8,114,51.9,1.9
OH,Warren ,54.1,111,52.3,1.8
OH,Washington ,54.3,115,52.3,2.0
OH,Wayne ,50.8,109,49.0,1.8
OH,Williams ,49.1,82,48.4,0.7
OH,Wood ,51.4,100,49.8,1.6
OH,Wyandot ,52.0,114,49.9,2.1
OK,Adair ,58.9,71,58.6,0.3
OK,Alfalfa ,58.0,57,58.1,-0.1
OK,Atoka ,62.4,83,62.0,0.4
OK,Beaver ,56.7,54,56.7,0.0
OK,Beckham ,59.8,77,59.4,0.4
OK,Blaine ,59.1,64,59.0,0.1
OK,Bryan ,63.0,80,62.6,0.4
OK,Caddo ,60.1,68,60.0,0.1
OK,Canadian ,59.8,68,59.5,0.3
OK,Carter ,61.9,38,62.5,-0.6
OK,Cherokee ,59.5,56,59.5,0.0
OK,Choctaw ,62.9,93,62.2,0.7
OK,Cimarron ,54.0,25,54.6,-0.6
OK,Cleveland ,60.4,53,60.6,-0.2
OK,Coal ,62.1,74,61.9,0.2
OK,Comanche ,61.4,69,61.2,0.2
OK,Cotton ,62.6,71,62.5,0.1
OK,Craig ,58.1,42,58.7,-0.6
OK,Creek ,60.0,70,59.9,0.1
OK,Custer ,58.8,55,58.9,-0.1
OK,Delaware ,58.3,47,58.5,-0.2
OK,Dewey ,58.0,47,58.2,-0.2
OK,Ellis ,57.6,76,57.3,0.3
OK,Garfield ,58.7,67,58.6,0.1
OK,Garvin ,61.1,47,61.6,-0.5
OK,Grady ,60.7,71,60.4,0.3
OK,Grant ,58.0,61,58.1,-0.1
OK,Greer ,60.6,69,60.5,0.1
OK,Harmon ,61.2,76,60.8,0.4
OK,Harper ,57.1,46,57.4,-0.3
OK,Haskell ,61.6,79,61.1,0.5
OK,Hughes ,61.4,77,61.1,0.3
OK,Jackson ,61.7,73,61.5,0.2
OK,Jefferson ,62.5,47,62.9,-0.4
OK,Johnston ,62.0,55,62.2,-0.2
OK,Kay ,58.0,47,58.2,-0.2
OK,Kingfisher ,59.6,53,59.7,-0.1
OK,Kiowa ,60.4,53,60.5,-0.1
OK,Latimer ,61.6,88,60.9,0.7
OK,Le Flore ,61.3,96,60.3,1.0
OK,Lincoln ,59.9,43,60.4,-0.5
OK,Logan ,59.6,53,59.7,-0.1
OK,Love ,62.7,50,63.1,-0.4
OK,Major ,58.4,49,58.6,-0.2
OK,Marshall ,62.6,51,62.8,-0.2
OK,Mayes ,59.0,40,59.6,-0.6
OK,McClain ,60.7,58,60.7,0.0
OK,McCurtain ,62.6,110,61.0,1.6
OK,McIntosh ,61.5,76,61.2,0.3
OK,Murray ,61.3,40,61.9,-0.6
OK,Muskogee ,61.1,73,60.9,0.2
OK,Noble ,59.1,61,59.1,0.0
OK,Nowata ,58.3,46,58.7,-0.4
OK,Okfuskee ,60.8,70,60.7,0.1
OK,Oklahoma ,60.1,53,60.2,-0.1
OK,Okmulgee ,60.9,71,60.9,0.0
OK,Osage ,58.3,54,58.5,-0.2
OK,Ottawa ,58.4,70,58.2,0.2
OK,Pawnee ,59.3,68,59.3,0.0
OK,Payne ,59.5,53,59.6,-0.1
OK,Pittsburg ,61.8,77,61.4,0.4
OK,Pontotoc ,61.2,52,61.4,-0.2
OK,Pottawatomie ,60.5,48,60.9,-0.4
OK,Pushmataha ,61.9,92,61.1,0.8
OK,Roger Mills ,58.9,78,58.4,0.5
OK,Rogers ,59.3,51,59.4,-0.1
OK,Seminole ,60.7,50,61.0,-0.3
OK,Sequoyah ,61.0,82,60.5,0.5
OK,Stephens ,61.5,56,61.7,-0.2
OK,Texas ,56.0,51,56.1,-0.1
OK,Tillman ,62.4,71,62.1,0.3
OK,Tulsa ,60.0,65,59.9,0.1
OK,Wagoner ,60.4,57,60.5,-0.1
OK,Washington ,58.5,56,58.6,-0.1
OK,Washita ,59.2,35,59.6,-0.4
OK,Woods ,57.3,46,57.6,-0.3
OK,Woodward ,57.3,45,57.6,-0.3
OR,Baker ,45.4,91,44.4,1.0
OR,Benton ,52.5,98,51.5,1.0
OR,Clackamas ,48.6,98,47.6,1.0
OR,Clatsop ,50.5,108,48.9,1.6
OR,Columbia ,51.1,108,49.7,1.4
OR,Coos ,53.3,114,51.3,2.0
OR,Crook ,45.3,80,44.8,0.5
OR,Curry ,53.1,108,51.5,1.6
OR,Deschutes ,44.0,83,43.4,0.6
OR,Douglas ,51.3,106,49.9,1.4
OR,Gilliam ,49.7,82,49.1,0.6
OR,Grant ,43.8,77,43.3,0.5
OR,Harney ,45.6,81,44.8,0.8
OR,Hood River ,45.4,95,44.6,0.8
OR,Jackson ,50.5,101,49.3,1.2
OR,Jefferson ,46.9,82,46.5,0.4
OR,Josephine ,51.5,111,49.9,1.6
OR,Klamath ,44.4,90,43.3,1.1
OR,Lake ,44.7,78,44.0,0.7
OR,Lane ,50.2,101,49.1,1.1
OR,Lincoln ,51.8,104,50.8,1.0
OR,Linn ,49.3,92,48.5,0.8
OR,Malheur ,47.5,79,47.0,0.5
OR,Marion ,50.1,98,49.1,1.0
OR,Morrow ,49.2,83,48.6,0.6
OR,Multnomah ,51.7,100,50.5,1.2
OR,Polk ,52.1,105,50.9,1.2
OR,Sherman ,49.3,76,49.0,0.3
OR,Tillamook ,49.9,107,48.7,1.2
OR,Umatilla ,48.3,85,47.5,0.8
OR,Union ,44.2,89,43.4,0.8
OR,Wallowa ,43.1,74,42.7,0.4
OR,Wasco ,47.8,81,47.4,0.4
OR,Washington ,51.4,104,50.1,1.3
OR,Wheeler ,46.6,73,46.3,0.3
OR,Yamhill ,52.1,104,51.0,1.1
PA,Adams ,53.5,115,51.2,2.3
PA,Allegheny ,52.2,107,50.7,1.5
PA,Armstrong ,50.5,112,48.8,1.7
PA,Beaver ,51.0,93,50.1,0.9
PA,Bedford ,51.7,116,49.6,2.1
PA,Berks ,53.2,117,50.6,2.6
PA,Blair ,49.8,102,48.5,1.3
PA,Bradford ,47.3,102,45.9,1.4
PA,Bucks ,54.0,117,50.8,3.2
PA,Butler ,49.8,95,48.6,1.2
PA,Cambria ,48.2,102,46.9,1.3
PA,Cameron ,46.9,65,46.7,0.2
PA,Carbon ,48.4,104,46.6,1.8
PA,Centre ,48.8,83,48.2,0.6
PA,Chester ,54.2,117,51.5,2.7
PA,Clarion ,49.2,114,47.1,2.1
PA,Clearfield ,47.8,92,46.8,1.0
PA,Clinton ,48.2,76,47.7,0.5
PA,Columbia ,49.5,107,47.9,1.6
PA,Crawford ,48.3,110,46.4,1.9
PA,Cumberland ,53.7,117,51.1,2.6
PA,Dauphin ,53.0,117,50.3,2.7
PA,Delaware ,56.0,118,53.0,3.0
PA,Elk ,47.3,109,45.5,1.8
PA,Erie ,48.3,105,46.6,1.7
PA,Fayette ,51.6,115,49.8,1.8
PA,Forest ,48.2,114,45.9,2.3
PA,Franklin ,53.4,117,51.0,2.4
PA,Fulton ,52.8,116,50.6,2.2
PA,Greene ,52.6,116,50.7,1.9
PA,Huntingdon ,51.4,114,49.8,1.6
PA,Indiana ,49.8,112,48.2,1.6
PA,Jefferson ,48.2,110,46.4,1.8
PA,Juniata ,52.2,114,50.5,1.7
PA,Lackawanna ,47.6,111,45.7,1.9
PA,Lancaster ,53.8,117,51.2,2.6
PA,Lawrence ,50.0,94,48.9,1.1
PA,Lebanon ,53.0,117,50.2,2.8
PA,Lehigh ,52.6,117,49.8,2.8
PA,Luzerne ,48.0,103,46.4,1.6
PA,Lycoming ,48.4,102,47.1,1.3
PA,McKean ,46.2,107,44.6,1.6
PA,Mercer ,49.1,107,47.3,1.8
PA,Mifflin ,51.2,107,49.9,1.3
PA,Monroe ,48.0,107,46.0,2.0
PA,Montgomery ,54.8,118,51.7,3.1
PA,Montour ,50.5,110,48.8,1.7
PA,Northampton ,51.8,116,48.8,3.0
PA,Northumberland ,50.9,113,49.0,1.9
PA,Perry ,52.9,117,50.6,2.3
PA,Philadelphia ,56.6,119,53.1,3.5
PA,Pike ,47.7,108,45.8,1.9
PA,Potter ,45.7,79,45.2,0.5
PA,Schuylkill ,50.2,111,48.1,2.1
PA,Snyder ,51.2,112,49.7,1.5
PA,Somerset ,49.2,117,47.0,2.2
PA,Sullivan ,45.8,97,44.6,1.2
PA,Susquehanna ,46.7,94,45.6,1.1
PA,Tioga ,46.2,91,45.3,0.9
PA,Union ,50.3,107,48.9,1.4
PA,Venango ,48.9,110,46.8,2.1
PA,Warren ,47.2,108,45.4,1.8
PA,Washington ,52.1,112,50.4,1.7
PA,Wayne ,46.5,98,45.2,1.3
PA,Westmoreland ,51.3,109,49.9,1.4
PA,Wyoming ,48.0,110,46.2,1.8
PA,York ,53.8,117,51.2,2.6
RI,Bristol ,51.5,105,49.8,1.7
RI,Kent ,50.6,108,48.5,2.1
RI,Newport ,51.5,108,49.6,1.9
RI,Providence ,49.9,105,48.2,1.7
RI,Washington ,51.2,111,48.8,2.4
SC,Abbeville ,63.5,120,61.3,2.2
SC,Aiken ,66.0,122,63.0,3.0
SC,Allendale ,66.3,122,63.8,2.5
SC,Anderson ,62.9,121,60.5,2.4
SC,Bamberg ,65.9,121,63.7,2.2
SC,Barnwell ,66.2,122,63.5,2.7
SC,Beaufort ,68.0,121,65.7,2.3
SC,Berkeley ,67.1,122,64.1,3.0
SC,Calhoun ,65.9,121,63.5,2.4
SC,Charleston ,67.5,122,64.7,2.8
SC,Cherokee ,60.9,112,59.5,1.4
SC,Chester ,62.5,117,60.7,1.8
SC,Chesterfield ,64.0,122,61.1,2.9
SC,Clarendon ,65.9,122,63.4,2.5
SC,Colleton ,66.6,120,64.1,2.5
SC,Darlington ,65.0,122,62.2,2.8
SC,Dillon ,65.2,123,62.2,3.0
SC,Dorchester ,67.0,122,64.0,3.0
SC,Edgefield ,65.1,121,62.6,2.5
SC,Fairfield ,63.7,120,61.7,2.0
SC,Florence ,65.6,122,62.9,2.7
SC,Georgetown ,65.6,118,63.7,1.9
SC,Greenville ,61.8,121,59.3,2.5
SC,Greenwood ,63.6,118,61.7,1.9
SC,Hampton ,66.4,120,64.2,2.2
SC,Horry ,65.2,122,62.8,2.4
SC,Jasper ,67.5,121,65.0,2.5
SC,Kershaw ,64.2,122,61.6,2.6
SC,Lancaster ,62.8,120,60.3,2.5
SC,Laurens ,62.8,116,61.1,1.7
SC,Lee ,64.9,122,62.3,2.6
SC,Lexington ,65.1,122,62.5,2.6
SC,Marion ,65.5,122,62.9,2.6
SC,Marlboro ,65.0,123,61.8,3.2
SC,McCormick ,64.3,121,62.1,2.2
SC,Newberry ,63.6,119,61.6,2.0
SC,Oconee ,61.0,115,59.5,1.5
SC,Orangeburg ,66.1,122,63.6,2.5
SC,Pickens ,61.6,121,59.1,2.5
SC,Richland ,65.2,121,62.8,2.4
SC,Saluda ,64.1,120,61.9,2.2
SC,Spartanburg ,61.8,119,59.8,2.0
SC,Sumter ,65.3,121,63.0,2.3
SC,Union ,62.2,115,60.7,1.5
SC,Williamsburg ,65.9,122,63.4,2.5
SC,York ,61.9,119,59.9,2.0
SD,Aurora ,44.1,24,45.7,-1.6
SD,Beadle ,42.5,16,44.5,-2.0
SD,Bennett ,44.7,17,46.1,-1.4
SD,Bon Homme ,45.6,21,47.3,-1.7
SD,Brookings ,40.9,19,42.8,-1.9
SD,Brown ,40.3,18,42.1,-1.8
SD,Brule ,44.7,24,46.1,-1.4
SD,Buffalo ,43.2,18,45.2,-2.0
SD,Butte ,43.1,21,44.6,-1.5
SD,Campbell ,39.8,12,42.6,-2.8
SD,Charles Mix ,45.6,18,47.4,-1.8
SD,Clark ,40.5,20,42.3,-1.8
SD,Clay ,45.4,22,47.0,-1.6
SD,Codington ,39.5,19,41.3,-1.8
SD,Corson ,40.8,17,43.1,-2.3
SD,Custer ,43.5,21,44.8,-1.3
SD,Davison ,44.0,17,46.2,-2.2
SD,Day ,39.1,15,41.2,-2.1
SD,Deuel ,40.0,20,41.9,-1.9
SD,Dewey ,42.1,19,44.2,-2.1
SD,Douglas ,44.7,18,46.6,-1.9
SD,Edmunds ,40.0,14,42.5,-2.5
SD,Fall River ,45.0,18,46.5,-1.5
SD,Faulk ,40.6,14,43.1,-2.5
SD,Grant ,40.6,22,42.2,-1.6
SD,Gregory ,45.4,20,47.1,-1.7
SD,Haakon ,43.8,15,45.9,-2.1
SD,Hamlin ,40.2,23,41.9,-1.7
SD,Hand ,41.6,14,44.1,-2.5
SD,Hanson ,43.9,19,46.0,-2.1
SD,Harding ,41.9,39,42.7,-0.8
SD,Hughes ,43.0,14,45.4,-2.4
SD,Hutchinson ,44.9,27,46.5,-1.6
SD,Hyde ,41.2,12,43.7,-2.5
SD,Jackson ,45.1,15,46.9,-1.8
SD,Jerauld ,42.8,16,45.0,-2.2
SD,Jones ,44.5,17,46.6,-2.1
SD,Kingsbury ,41.5,20,43.2,-1.7
SD,Lake ,42.2,21,43.9,-1.7
SD,Lawrence ,40.9,18,42.3,-1.4
SD,Lincoln ,44.4,26,45.7,-1.3
SD,Lyman ,44.5,18,46.5,-2.0
SD,Marshall ,38.6,13,41.2,-2.6
SD,McCook ,43.9,30,45.2,-1.3
SD,McPherson ,38.7,13,41.5,-2.8
SD,Meade ,43.4,14,45.3,-1.9
SD,Mellette ,45.4,18,47.2,-1.8
SD,Miner ,42.7,20,44.7,-2.0
SD,Minnehaha ,44.0,42,44.6,-0.6
SD,Moody ,42.0,21,43.7,-1.7
SD,Oglala Lakota ,45.6,25,46.7,-1.1
SD,Pennington ,43.6,19,44.9,-1.3
SD,Perkins ,41.2,22,42.9,-1.7
SD,Potter ,41.0,17,43.0,-2.0
SD,Roberts ,40.1,18,41.9,-1.8
SD,Sanborn ,43.2,16,45.5,-2.3
SD,Spink ,41.5,18,43.5,-2.0
SD,Stanley ,43.7,17,45.9,-2.2
SD,Sully ,42.2,18,44.4,-2.2
SD,Todd ,44.9,16,46.6,-1.7
SD,Tripp ,45.4,19,47.0,-1.6
SD,Turner ,44.8,32,45.9,-1.1
SD,Union ,45.4,24,47.0,-1.6
SD,Walworth ,40.5,14,42.8,-2.3
SD,Yankton ,45.6,28,46.8,-1.2
SD,Ziebach ,42.6,19,44.5,-1.9
TN,Anderson ,58.6,117,56.7,1.9
TN,Bedford ,60.2,117,58.4,1.8
TN,Benton ,60.2,115,58.4,1.8
TN,Bledsoe ,58.6,118,56.3,2.3
TN,Blount ,59.4,118,57.4,2.0
TN,Bradley ,61.0,117,59.0,2.0
TN,Campbell ,56.7,113,55.1,1.6
TN,Cannon ,59.5,117,57.5,2.0
TN,Carroll ,60.0,108,58.5,1.5
TN,Carter ,55.3,120,52.9,2.4
TN,Cheatham ,60.4,119,58.0,2.4
TN,Chester ,60.9,113,59.1,1.8
TN,Claiborne ,56.4,94,55.4,1.0
TN,Clay ,59.2,118,57.2,2.0
TN,Cocke ,58.9,120,56.7,2.2
TN,Coffee ,59.2,116,57.4,1.8
TN,Crockett ,60.7,112,59.0,1.7
TN,Cumberland ,56.8,118,54.8,2.0
TN,Davidson ,60.7,119,58.4,2.3
TN,Decatur ,60.8,115,59.0,1.8
TN,DeKalb ,59.7,118,57.6,2.1
TN,Dickson ,59.5,115,57.4,2.1
TN,Dyer ,60.3,106,59.0,1.3
TN,Fayette ,61.6,109,60.0,1.6
TN,Fentress ,58.1,123,54.5,3.6
TN,Franklin ,59.9,118,58.0,1.9
TN,Gibson ,60.0,107,58.7,1.3
TN,Giles ,59.9,110,58.5,1.4
TN,Grainger ,58.3,114,56.6,1.7
TN,Greene ,58.6,118,56.7,1.9
TN,Grundy ,57.7,117,55.8,1.9
TN,Hamblen ,59.2,117,57.2,2.0
TN,Hamilton ,60.9,119,58.7,2.2
TN,Hancock ,57.1,108,55.7,1.4
TN,Hardeman ,61.3,114,59.5,1.8
TN,Hardin ,61.2,115,59.5,1.7
TN,Hawkins ,58.4,117,56.5,1.9
TN,Haywood ,61.3,113,59.4,1.9
TN,Henderson ,60.5,114,58.8,1.7
TN,Henry ,59.5,106,58.2,1.3
TN,Hickman ,59.7,115,57.9,1.8
TN,Houston ,59.6,114,57.8,1.8
TN,Humphreys ,59.8,116,58.0,1.8
TN,Jackson ,59.4,116,57.6,1.8
TN,Jefferson ,60.0,120,57.6,2.4
TN,Johnson ,53.6,119,51.3,2.3
TN,Knox ,59.9,118,57.9,2.0
TN,Lake ,59.7,95,58.8,0.9
TN,Lauderdale ,61.3,109,59.7,1.6
TN,Lawrence ,60.2,117,58.1,2.1
TN,Lewis ,59.8,117,57.7,2.1
TN,Lincoln ,60.4,112,58.9,1.5
TN,Loudon ,60.3,118,58.4,1.9
TN,Macon ,58.6,106,57.2,1.4
TN,Madison ,60.8,112,59.0,1.8
TN,Marion ,59.7,117,57.7,2.0
TN,Marshall ,60.1,115,58.3,1.8
TN,Maury ,59.9,114,58.1,1.8
TN,McMinn ,60.7,119,58.4,2.3
TN,McNairy ,61.1,110,59.5,1.6
TN,Meigs ,60.5,118,58.3,2.2
TN,Monroe ,59.6,119,57.4,2.2
TN,Montgomery ,60.1,119,57.7,2.4
TN,Moore ,60.1,116,58.3,1.8
TN,Morgan ,57.9,120,55.3,2.6
TN,Obion ,59.1,87,58.4,0.7
TN,Overton ,58.7,119,56.1,2.6
TN,Perry ,60.3,114,58.5,1.8
TN,Pickett ,59.4,124,55.9,3.5
TN,Polk ,60.0,118,58.1,1.9
TN,Putnam ,58.7,118,56.6,2.1
TN,Rhea ,59.5,118,57.4,2.1
TN,Roane ,59.8,118,57.8,2.0
TN,Robertson ,59.5,115,57.5,2.0
TN,Rutherford ,60.4,118,58.4,2.0
TN,Scott ,57.2,120,54.5,2.7
TN,Sequatchie ,58.6,118,56.5,2.1
TN,Sevier ,57.8,119,55.7,2.1
TN,Shelby ,62.2,99,61.1,1.1
TN,Smith ,59.6,111,58.1,1.5
TN,Stewart ,59.6,114,57.9,1.7
TN,Sullivan ,57.8,119,55.4,2.4
TN,Sumner ,59.3,112,57.7,1.6
TN,Tipton ,61.7,105,60.3,1.4
TN,Trousdale ,59.5,109,58.0,1.5
TN,Unicoi ,54.9,118,53.0,1.9
TN,Union ,57.9,111,56.4,1.5
TN,Van Buren ,58.3,118,56.0,2.3
TN,Warren ,59.3,118,57.2,2.1
TN,Washington ,58.2,119,56.1,2.1
TN,Wayne ,60.6,118,58.5,2.1
TN,Weakley ,59.3,93,58.4,0.9
TN,White ,58.8,118,56.7,2.1
TN,Williamson ,59.9,117,57.9,2.0
TN,Wilson ,60.0,115,58.2,1.8
TX,Anderson ,66.2,91,65.4,0.8
TX,Andrews ,63.5,112,61.9,1.6
TX,Angelina ,66.3,59,66.1,0.2
TX,Aransas ,71.9,109,70.4,1.5
TX,Archer ,63.6,70,63.4,0.2
TX,Armstrong ,59.2,101,58.0,1.2
TX,Atascosa ,70.6,84,69.9,0.7
TX,Austin ,69.2,102,68.0,1.2
TX,Bailey ,58.1,97,57.1,1.0
TX,Bandera ,67.4,103,66.2,1.2
TX,Bastrop ,68.8,105,67.5,1.3
TX,Baylor ,63.6,71,63.4,0.2
TX,Bee ,71.0,80,70.4,0.6
TX,Bell ,66.8,96,65.7,1.1
TX,Bexar ,69.4,91,68.5,0.9
TX,Blanco ,67.0,94,66.1,0.9
TX,Borden ,62.9,56,62.9,0.0
TX,Bosque ,65.6,72,65.4,0.2
TX,Bowie ,64.1,99,63.1,1.0
TX,Brazoria ,70.8,114,69.0,1.8
TX,Brazos ,67.8,88,67.1,0.7
TX,Brewster ,66.0,100,64.6,1.4
TX,Briscoe ,60.4,95,59.4,1.0
TX,Brooks ,74.0,107,72.2,1.8
TX,Brown ,64.7,72,64.4,0.3
TX,Burleson ,67.9,90,67.1,0.8
TX,Burnet ,66.9,92,66.1,0.8
TX,Caldwell ,68.9,96,67.8,1.1
TX,Calhoun ,71.7,116,69.7,2.0
TX,Callahan ,63.8,65,63.7,0.1
TX,Cameron ,75.1,110,73.6,1.5
TX,Camp ,64.4,81,63.9,0.5
TX,Carson ,58.1,103,56.9,1.2
TX,Cass ,64.5,82,64.1,0.4
TX,Castro ,57.7,99,56.7,1.0
TX,Chambers ,69.9,113,68.3,1.6
TX,Cherokee ,66.1,89,65.4,0.7
TX,Childress ,61.9,80,61.4,0.5
TX,Clay ,63.4,65,63.4,0.0
TX,Cochran ,58.9,94,58.0,0.9
TX,Coke ,64.8,92,64.0,0.8
TX,Coleman ,64.6,75,64.2,0.4
TX,Collin ,64.6,90,63.9,0.7
TX,Collingsworth ,60.1,73,59.8,0.3
TX,Colorado ,69.8,107,68.3,1.5
TX,Comal ,68.1,87,67.4,0.7
TX,Comanche ,64.4,60,64.3,0.1
TX,Concho ,65.0,87,64.3,0.7
TX,Cooke ,63.3,56,63.4,-0.1
TX,Coryell ,65.9,81,65.4,0.5
TX,Cottle ,62.4,72,62.2,0.2
TX,Crane ,66.4,106,64.8,1.6
TX,Crockett ,65.8,99,64.8,1.0
TX,Crosby ,60.7,77,60.3,0.4
TX,Culberson ,62.8,109,61.1,1.7
TX,Dallam ,54.8,66,54.5,0.3
TX,Dallas ,66.0,86,65.3,0.7
TX,Dawson ,62.2,70,61.9,0.3
TX,Deaf Smith ,57.1,107,55.7,1.4
TX,Delta ,64.2,93,63.4,0.8
TX,Denton ,64.9,79,64.5,0.4
TX,DeWitt ,70.7,110,69.2,1.5
TX,Dickens ,61.8,57,61.8,0.0
TX,Dimmit ,72.1,102,70.7,1.4
TX,Donley ,59.6,85,58.8,0.8
TX,Duval ,72.4,101,71.2,1.2
TX,Eastland ,63.7,57,63.8,-0.1
TX,Ector ,65.1,112,63.1,2.0
TX,Edwards ,65.7,79,65.1,0.6
TX,El Paso ,65.0,120,62.3,2.7
TX,Ellis ,66.0,74,65.8,0.2
TX,Erath ,64.4,71,64.3,0.1
TX,Falls ,66.5,83,65.9,0.6
TX,Fannin ,63.8,93,63.0,0.8
TX,Fayette ,69.2,103,67.9,1.3
TX,Fisher ,64.0,87,63.2,0.8
TX,Floyd ,59.3,74,58.9,0.4
TX,Foard ,63.0,73,62.8,0.2
TX,Fort Bend ,70.5,112,68.6,1.9
TX,Franklin ,64.3,89,63.6,0.7
TX,Freestone ,66.1,81,65.7,0.4
TX,Frio ,71.1,106,69.7,1.4
TX,Gaines ,61.6,84,60.9,0.7
TX,Galveston ,71.0,116,69.0,2.0
TX,Garza ,62.6,78,62.3,0.3
TX,Gillespie ,65.6,88,64.9,0.7
TX,Glasscock ,64.4,106,63.2,1.2
TX,Goliad ,70.9,93,69.9,1.0
TX,Gonzales ,69.9,102,68.7,1.2
TX,Gray ,58.5,97,57.4,1.1
TX,Grayson ,63.6,77,63.4,0.2
TX,Gregg ,65.2,70,65.0,0.2
TX,Grimes ,67.9,90,67.1,0.8
TX,Guadalupe ,69.0,83,68.3,0.7
TX,Hale ,59.1,93,58.2,0.9
TX,Hall ,61.6,83,60.9,0.7
TX,Hamilton ,65.0,71,64.7,0.3
TX,Hansford ,57.3,80,56.8,0.5
TX,Hardeman ,62.5,78,62.1,0.4
TX,Hardin ,68.2,103,67.0,1.2
TX,Harris ,70.2,111,68.5,1.7
TX,Harrison ,65.3,72,65.1,0.2
TX,Hartley ,55.9,74,55.4,0.5
TX,Haskell ,63.6,61,63.6,0.0
TX,Hays ,67.9,96,66.9,1.0
TX,Hemphill ,58.5,91,57.7,0.8
TX,Henderson ,65.8,88,65.0,0.8
TX,Hidalgo ,74.8,99,73.8,1.0
TX,Hill ,66.0,72,65.9,0.1
TX,Hockley ,59.8,96,58.9,0.9
TX,Hood ,65.3,71,65.1,0.2
TX,Hopkins ,64.5,97,63.5,1.0
TX,Houston ,66.1,54,66.2,-0.1
TX,Howard ,63.8,73,63.4,0.4
TX,Hudspeth ,62.7,117,60.5,2.2
TX,Hunt ,64.6,98,63.5,1.1
TX,Hutchinson ,58.8,95,57.8,1.0
TX,Irion ,65.0,102,64.0,1.0
TX,Jack ,63.8,73,63.4,0.4
TX,Jackson ,71.2,117,69.0,2.2
TX,Jasper ,67.2,100,66.2,1.0
TX,Jeff Davis ,62.0,110,60.1,1.9
TX,Jefferson ,69.4,109,68.0,1.4
TX,Jim Hogg ,73.7,107,72.1,1.6
TX,Jim Wells ,72.9,107,71.4,1.5
TX,Johnson ,65.6,72,65.3,0.3
TX,Jones ,63.9,58,63.9,0.0
TX,Karnes ,70.4,90,69.5,0.9
TX,Kaufman ,65.4,79,65.1,0.3
TX,Kendall ,66.8,88,66.0,0.8
TX,Kenedy ,74.1,110,72.3,1.8
TX,Kent ,63.3,76,62.9,0.4
TX,Kerr ,65.4,91,64.6,0.8
TX,Kimble ,65.5,106,64.2,1.3
TX,King ,63.1,74,62.9,0.2
TX,Kinney ,69.2,70,68.8,0.4
TX,Kleberg ,73.9,114,71.4,2.5
TX,Knox ,63.5,70,63.4,0.1
TX,La Salle ,71.6,84,70.9,0.7
TX,Lamar ,63.5,85,62.9,0.6
TX,Lamb ,58.5,91,57.7,0.8
TX,Lampasas ,66.0,82,65.4,0.6
TX,Lavaca ,70.5,114,68.5,2.0
TX,Lee ,68.1,97,67.1,1.0
TX,Leon ,66.1,66,66.2,-0.1
TX,Liberty ,69.1,105,67.7,1.4
TX,Limestone ,66.0,75,65.8,0.2
TX,Lipscomb ,57.5,80,57.0,0.5
TX,Live Oak ,71.3,82,70.7,0.6
TX,Llano ,67.2,104,66.0,1.2
TX,Loving ,65.6,114,63.6,2.0
TX,Lubbock ,60.5,102,59.3,1.2
TX,Lynn ,61.4,82,60.7,0.7
TX,Madison ,66.8,68,66.6,0.2
TX,Marion ,65.0,75,64.8,0.2
TX,Martin ,63.9,97,62.9,1.0
TX,Mason ,66.2,104,65.0,1.2
TX,Matagorda ,71.3,116,69.1,2.2
TX,Maverick ,71.5,90,70.4,1.1
TX,McCulloch ,65.5,95,64.6,0.9
TX,McLennan ,66.3,82,65.8,0.5
TX,McMullen ,71.2,71,70.8,0.4
TX,Medina ,70.0,109,68.4,1.6
TX,Menard ,65.1,104,63.6,1.5
TX,Midland ,65.2,112,63.4,1.8
TX,Milam ,67.1,91,66.2,0.9
TX,Mills ,65.2,82,64.7,0.5
TX,Mitchell ,64.5,94,63.6,0.9
TX,Montague ,63.2,62,63.1,0.1
TX,Montgomery ,69.0,105,67.6,1.4
TX,Moore ,57.5,90,56.6,0.9
TX,Morris ,64.2,78,63.9,0.3
TX,Motley ,61.3,58,61.3,0.0
TX,Nacogdoches ,66.1,83,65.6,0.5
TX,Navarro ,66.1,78,65.8,0.3
TX,Newton ,67.4,108,66.1,1.3
TX,Nolan ,63.8,92,62.8,1.0
TX,Nueces ,73.3,112,71.2,2.1
TX,Ochiltree ,57.8,92,56.9,0.9
TX,Oldham ,57.5,95,56.6,0.9
TX,Orange ,69.1,114,67.4,1.7
TX,Palo Pinto ,64.6,75,64.3,0.3
TX,Panola ,65.6,72,65.4,0.2
TX,Parker ,64.8,75,64.5,0.3
TX,Parmer ,57.6,110,56.1,1.5
TX,Pecos ,65.3,105,63.8,1.5
TX,Polk ,66.9,59,66.7,0.2
TX,Potter ,58.2,101,57.0,1.2
TX,Presidio ,65.4,111,63.5,1.9
TX,Rains ,64.8,93,63.9,0.9
TX,Randall ,57.9,102,56.6,1.3
TX,Reagan ,65.0,107,63.7,1.3
TX,Real ,66.3,97,65.4,0.9
TX,Red River ,63.8,99,62.7,1.1
TX,Reeves ,65.6,111,63.7,1.9
TX,Refugio ,71.4,98,70.2,1.2
TX,Roberts ,58.7,96,57.6,1.1
TX,Robertson ,66.8,80,66.4,0.4
TX,Rockwall ,65.1,88,64.3,0.8
TX,Runnels ,64.4,70,64.1,0.3
TX,Rusk ,65.7,79,65.3,0.4
TX,Sabine ,66.4,98,65.4,1.0
TX,San Augustine ,66.2,87,65.6,0.6
TX,San Jacinto ,67.7,82,67.2,0.5
TX,San Patricio ,72.1,103,70.9,1.2
TX,San Saba ,66.1,96,65.1,1.0
TX,Schleicher ,64.7,97,63.7,1.0
TX,Scurry ,63.5,87,62.8,0.7
TX,Shackelford ,64.1,67,64.0,0.1
TX,Shelby ,65.5,67,65.3,0.2
TX,Sherman ,56.6,83,56.0,0.6
TX,Smith ,65.5,92,64.7,0.8
TX,Somervell ,65.4,66,65.3,0.1
TX,Starr ,74.7,102,73.4,1.3
TX,Stephens ,64.0,69,63.9,0.1
TX,Sterling ,64.5,102,63.4,1.1
TX,Stonewall ,63.5,64,63.4,0.1
TX,Sutton ,65.3,98,64.2,1.1
TX,Swisher ,58.3,90,57.4,0.9
TX,Tarrant ,65.7,74,65.3,0.4
TX,Taylor ,63.8,68,63.6,0.2
TX,Terrell ,67.0,90,66.1,0.9
TX,Terry ,60.8,86,60.2,0.6
TX,Throckmorton ,64.0,76,63.7,0.3
TX,Titus ,64.2,88,63.5,0.7
TX,Tom Green ,65.1,86,64.4,0.7
TX,Travis ,68.2,99,67.1,1.1
TX,Trinity ,66.3,49,66.5,-0.2
TX,Tyler ,66.8,83,66.2,0.6
TX,Upshur ,64.7,75,64.4,0.3
TX,Upton ,65.7,101,64.3,1.4
TX,Uvalde ,69.6,100,68.5,1.1
TX,Val Verde ,68.1,81,67.5,0.6
TX,Van Zandt ,65.1,87,64.5,0.6
TX,Victoria ,71.2,111,69.4,1.8
TX,Walker ,67.1,62,67.0,0.1
TX,Waller ,69.4,107,67.9,1.5
TX,Ward ,66.4,113,64.4,2.0
TX,Washington ,68.5,99,67.5,1.0
TX,Webb ,72.7,91,71.7,1.0
TX,Wharton ,70.8,115,68.8,2.0
TX,Wheeler ,59.2,90,58.4,0.8
TX,Wichita ,63.1,67,63.0,0.1
TX,Wilbarger ,63.0,72,62.8,0.2
TX,Willacy ,74.4,103,73.2,1.2
TX,Williamson ,67.4,97,66.4,1.0
TX,Wilson ,70.0,88,69.2,0.8
TX,Winkler ,65.3,113,63.3,2.0
TX,Wise ,64.3,75,63.9,0.4
TX,Wood ,64.9,95,64.0,0.9
TX,Yoakum ,60.0,93,59.1,0.9
TX,Young ,64.0,79,63.6,0.4
TX,Zapata ,74.5,106,73.0,1.5
TX,Zavala ,71.5,101,70.2,1.3
UT,Beaver ,48.0,59,47.9,0.1
UT,Box Elder ,47.2,60,47.0,0.2
UT,Cache ,43.2,80,42.5,0.7
UT,Carbon ,43.7,67,43.4,0.3
UT,Daggett ,40.2,46,40.5,-0.3
UT,Davis ,48.9,87,48.0,0.9
UT,Duchesne ,41.1,78,40.3,0.8
UT,Emery ,49.6,73,49.1,0.5
UT,Garfield ,47.7,67,47.4,0.3
UT,Grand ,50.3,82,49.3,1.0
UT,Iron ,47.8,60,47.6,0.2
UT,Juab ,49.2,58,49.2,0.0
UT,Kane ,51.6,67,51.2,0.4
UT,Millard ,50.0,61,49.9,0.1
UT,Morgan ,43.5,87,42.6,0.9
UT,Piute ,42.4,49,42.5,-0.1
UT,Rich ,39.4,53,39.4,0.0
UT,Salt Lake ,48.8,89,47.7,1.1
UT,San Juan ,52.1,73,51.7,0.4
UT,Sanpete ,43.4,68,43.1,0.3
UT,Sevier ,43.7,49,44.0,-0.3
UT,Summit ,38.0,62,37.8,0.2
UT,Tooele ,49.6,46,50.0,-0.4
UT,Uintah ,44.9,69,44.4,0.5
UT,Utah ,46.0,62,45.8,0.2
UT,Wasatch ,40.5,74,40.1,0.4
UT,Washington ,54.6,39,54.9,-0.3
UT,Wayne ,50.1,72,49.6,0.5
UT,Weber ,45.6,85,44.7,0.9
VT,Addison ,43.0,68,42.7,0.3
VT,Bennington ,43.0,101,41.5,1.5
VT,Caledonia ,39.6,29,40.2,-0.6
VT,Chittenden ,43.2,78,42.6,0.6
VT,Essex ,38.9,44,39.2,-0.3
VT,Franklin ,42.2,65,41.9,0.3
VT,Grand Isle ,44.2,73,43.8,0.4
VT,Lamoille ,40.0,51,40.1,-0.1
VT,Orange ,41.5,65,41.2,0.3
VT,Orleans ,39.5,43,39.8,-0.3
VT,Rutland ,42.7,83,42.0,0.7
VT,Washington ,40.4,46,40.6,-0.2
VT,Windham ,43.8,94,42.7,1.1
VT,Windsor ,42.8,89,42.0,0.8
VA,Accomack ,59.6,119,56.6,3.0
VA,Albemarle ,57.5,118,54.6,2.9
VA,Alexandria City,58.5,119,55.5,3.0
VA,Alleghany ,54.1,116,52.3,1.8
VA,Amelia ,59.0,117,56.7,2.3
VA,Amherst ,56.6,118,54.3,2.3
VA,Appomattox ,57.5,118,55.3,2.2
VA,Arlington ,57.9,119,54.9,3.0
VA,Augusta ,54.2,118,51.9,2.3
VA,Bath ,53.4,118,51.2,2.2
VA,Bedford ,57.5,119,55.3,2.2
VA,Bland ,52.9,118,50.8,2.1
VA,Botetourt ,56.0,115,54.4,1.6
VA,Bristol City,57.4,120,54.9,2.5
VA,Brunswick ,60.1,121,57.3,2.8
VA,Buchanan ,55.6,119,53.5,2.1
VA,Buckingham ,58.2,118,55.7,2.5
VA,Buena Vista City,56.6,117,54.7,1.9
VA,Campbell ,57.7,119,55.4,2.3
VA,Caroline ,58.3,117,55.9,2.4
VA,Carroll ,54.0,120,51.7,2.3
VA,Charles City ,60.7,118,58.5,2.2
VA,Charlotte ,58.3,119,56.0,2.3
VA,Charlottesville City,58.0,118,55.2,2.8
VA,Chesapeake City,61.9,123,58.8,3.1
VA,Chesterfield ,59.4,117,57.4,2.0
VA,Clarke ,55.4,120,52.6,2.8
VA,Colonial Heights City,60.0,116,58.2,1.8
VA,Covington City,55.6,112,54.1,1.5
VA,Craig ,54.2,117,52.3,1.9
VA,Culpeper ,57.0,119,54.2,2.8
VA,Cumberland ,58.7,118,56.3,2.4
VA,Danville City,59.5,116,57.4,2.1
VA,Dickenson ,55.7,120,53.5,2.2
VA,Dinwiddie ,59.8,117,57.5,2.3
VA,Emporia City,60.9,123,58.1,2.8
VA,Essex ,58.9,115,56.7,2.2
VA,Fairfax City,57.1,119,54.2,2.9
VA,Fairfax ,57.5,119,54.5,3.0
VA,Falls Church City,57.3,119,54.4,2.9
VA,Fauquier ,56.5,119,53.5,3.0
VA,Floyd ,53.2,118,51.0,2.2
VA,Fluvanna ,58.4,119,55.6,2.8
VA,Franklin City,61.0,121,58.5,2.5
VA,Franklin ,57.5,117,55.2,2.3
VA,Frederick ,54.6,118,51.9,2.7
VA,Fredericksburg City,57.9,119,55.0,2.9
VA,Galax City,53.9,120,51.5,2.4
VA,Giles ,54.0,120,51.6,2.4
VA,Gloucester ,60.7,119,58.0,2.7
VA,Goochland ,58.4,117,56.2,2.2
VA,Grayson ,52.0,119,49.8,2.2
VA,Greene ,56.2,119,53.1,3.1
VA,Greensville ,60.8,123,58.0,2.8
VA,Halifax ,59.0,119,56.5,2.5
VA,Hampton City,62.2,122,59.1,3.1
VA,Hanover ,58.7,117,56.6,2.1
VA,Harrisonburg City,55.6,118,52.7,2.9
VA,Henrico ,59.5,117,57.5,2.0
VA,Henry ,58.5,118,56.3,2.2
VA,Highland ,50.9,118,48.5,2.4
VA,Hopewell City,60.2,116,58.5,1.7
VA,Isle of Wight ,61.4,120,58.8,2.6
VA,James City ,61.0,119,58.4,2.6
VA,King and Queen ,59.4,117,57.2,2.2
VA,King George ,58.8,119,56.0,2.8
VA,King William ,59.3,117,57.1,2.2
VA,Lancaster ,59.5,117,57.1,2.4
VA,Lee ,56.2,109,54.9,1.3
VA,Loudoun ,56.2,119,53.2,3.0
VA,Louisa ,57.7,118,55.2,2.5
VA,Lunenburg ,59.1,119,56.5,2.6
VA,Lynchburg City,57.8,120,55.3,2.5
VA,Madison ,55.9,119,52.9,3.0
VA,Manassas City,57.5,119,54.5,3.0
VA,Manassas Park City,57.5,119,54.5,3.0
VA,Martinsville City,58.4,118,56.2,2.2
VA,Mathews ,60.6,119,57.9,2.7
VA,Mecklenburg ,59.9,121,57.1,2.8
VA,Middlesex ,59.9,119,57.5,2.4
VA,Montgomery ,54.9,118,52.7,2.2
VA,Nelson ,56.3,118,53.9,2.4
VA,New Kent ,60.0,117,57.8,2.2
VA,Newport News City,61.9,122,59.0,2.9
VA,Norfolk City,62.8,124,59.3,3.5
VA,Northampton ,60.6,119,57.7,2.9
VA,Northumberland ,58.9,116,56.6,2.3
VA,Norton City,54.7,119,52.7,2.0
VA,Nottoway ,59.0,117,56.6,2.4
VA,Orange ,57.4,119,54.7,2.7
VA,Page ,54.5,119,51.6,2.9
VA,Patrick ,56.6,118,54.5,2.1
VA,Petersburg City,60.1,117,58.2,1.9
VA,Pittsylvania ,58.6,119,56.4,2.2
VA,Poquoson City,62.0,122,58.9,3.1
VA,Portsmouth City,62.6,123,59.5,3.1
VA,Powhatan ,58.7,117,56.5,2.2
VA,Prince Edward ,58.3,118,56.0,2.3
VA,Prince George ,60.5,117,58.4,2.1
VA,Prince William ,57.6,119,54.5,3.1
VA,Pulaski ,54.7,119,52.3,2.4
VA,Radford City,55.1,119,52.7,2.4
VA,Rappahannock ,55.2,119,52.4,2.8
VA,Richmond City,59.4,117,57.4,2.0
VA,Richmond ,58.8,115,56.7,2.1
VA,Roanoke City,57.8,117,55.7,2.1
VA,Roanoke ,56.3,117,54.2,2.1
VA,Rockbridge ,55.4,117,53.5,1.9
VA,Rockingham ,54.5,118,51.6,2.9
VA,Russell ,55.2,120,52.8,2.4
VA,Salem City,57.7,117,55.6,2.1
VA,Scott ,56.9,119,54.9,2.0
VA,Shenandoah ,54.7,118,52.0,2.7
VA,Smyth ,53.4,120,51.0,2.4
VA,Southampton ,61.0,122,58.3,2.7
VA,Spotsylvania ,57.4,118,54.8,2.6
VA,Stafford ,58.0,119,55.0,3.0
VA,Staunton City,55.2,118,52.9,2.3
VA,Suffolk City,61.3,120,58.8,2.5
VA,Surry ,61.2,120,58.5,2.7
VA,Sussex ,60.8,121,58.1,2.7
VA,Tazewell ,53.0,119,50.8,2.2
VA,Virginia Beach City,62.2,123,58.9,3.3
VA,Warren ,54.9,118,52.2,2.7
VA,Washington ,55.8,120,53.4,2.4
VA,Waynesboro City,55.6,118,53.1,2.5
VA,Westmoreland ,58.7,115,56.4,2.3
VA,Williamsburg City,61.0,120,58.2,2.8
VA,Winchester City,55.1,118,52.3,2.8
VA,Wise ,54.7,120,52.7,2.0
VA,Wythe ,53.6,119,51.3,2.3
VA,York ,61.4,120,58.6,2.8
WA,Adams ,48.7,71,48.4,0.3
WA,Asotin ,48.3,96,47.1,1.2
WA,Benton ,51.5,46,51.6,-0.1
WA,Chelan ,43.4,99,42.3,1.1
WA,Clallam ,48.2,111,46.6,1.6
WA,Clark ,51.9,97,50.8,1.1
WA,Columbia ,47.6,89,46.8,0.8
WA,Cowlitz ,49.9,102,48.7,1.2
WA,Douglas ,47.5,74,47.0,0.5
WA,Ferry ,42.8,85,42.1,0.7
WA,Franklin ,51.0,68,50.8,0.2
WA,Garfield ,48.2,93,47.1,1.1
WA,Grant ,49.9,68,49.6,0.3
WA,Grays Harbor ,50.5,107,49.2,1.3
WA,Island ,52.0,116,49.9,2.1
WA,Jefferson ,46.3,107,44.9,1.4
WA,King ,48.2,102,46.9,1.3
WA,Kitsap ,52.3,114,50.6,1.7
WA,Kittitas ,45.2,96,44.3,0.9
WA,Klickitat ,48.1,86,47.4,0.7
WA,Lewis ,47.5,90,46.8,0.7
WA,Lincoln ,45.9,49,46.3,-0.4
WA,Mason ,49.9,112,48.3,1.6
WA,Okanogan ,42.7,89,41.8,0.9
WA,Pacific ,50.8,107,49.4,1.4
WA,Pend Oreille ,42.3,90,41.4,0.9
WA,Pierce ,47.3,101,46.2,1.1
WA,San Juan ,51.3,112,49.7,1.6
WA,Skagit ,46.5,106,45.1,1.4
WA,Skamania ,45.8,103,44.6,1.2
WA,Snohomish ,46.8,101,45.7,1.1
WA,Spokane ,46.8,89,45.9,0.9
WA,Stevens ,44.8,84,44.1,0.7
WA,Thurston ,51.1,93,50.4,0.7
WA,Wahkiakum ,50.8,109,49.2,1.6
WA,Walla Walla ,51.7,74,51.4,0.3
WA,Whatcom ,45.1,108,43.4,1.7
WA,Whitman ,48.5,77,47.9,0.6
WA,Yakima ,46.3,90,45.5,0.8
MD,"Washington, D.C.",58.0,119,55.0,3.0
WV,Barbour ,53.8,121,50.7,3.1
WV,Berkeley ,54.7,117,52.1,2.6
WV,Boone ,56.2,116,54.1,2.1
WV,Braxton ,55.4,118,53.1,2.3
WV,Brooke ,52.3,111,50.8,1.5
WV,Cabell ,56.7,116,54.5,2.2
WV,Calhoun ,55.2,117,52.9,2.3
WV,Clay ,55.8,117,53.5,2.3
WV,Doddridge ,54.5,117,52.1,2.4
WV,Fayette ,53.9,115,51.8,2.1
WV,Gilmer ,55.4,119,52.8,2.6
WV,Grant ,52.5,117,49.9,2.6
WV,Greenbrier ,51.9,119,49.4,2.5
WV,Hampshire ,54.0,117,51.6,2.4
WV,Hancock ,51.4,92,50.4,1.0
WV,Hardy ,53.4,117,50.9,2.5
WV,Harrison ,54.4,117,51.8,2.6
WV,Jackson ,55.6,117,53.5,2.1
WV,Jefferson ,55.2,118,52.6,2.6
WV,Kanawha ,56.5,117,54.4,2.1
WV,Lewis ,55.1,120,52.3,2.8
WV,Lincoln ,57.2,116,55.0,2.2
WV,Logan ,56.7,117,54.7,2.0
WV,Marion ,53.6,117,51.6,2.0
WV,Marshall ,52.7,111,51.1,1.6
WV,Mason ,55.6,113,53.9,1.7
WV,McDowell ,55.0,115,53.0,2.0
WV,Mercer ,53.2,116,51.5,1.7
WV,Mineral ,54.1,117,51.9,2.2
WV,Mingo ,57.2,117,55.3,1.9
WV,Monongalia ,53.0,116,51.1,1.9
WV,Monroe ,53.9,119,51.5,2.4
WV,Morgan ,54.1,116,51.8,2.3
WV,Nicholas ,53.3,118,50.9,2.4
WV,Ohio ,52.4,113,50.6,1.8
WV,Pendleton ,51.9,120,49.0,2.9
WV,Pleasants ,54.3,116,52.1,2.2
WV,Pocahontas ,49.0,118,46.8,2.2
WV,Preston ,51.3,117,48.9,2.4
WV,Putnam ,56.6,117,54.4,2.2
WV,Raleigh ,53.4,115,51.4,2.0
WV,Randolph ,50.1,120,47.1,3.0
WV,Ritchie ,54.6,116,52.3,2.3
WV,Roane ,55.5,117,53.4,2.1
WV,Summers ,54.4,119,52.2,2.2
WV,Taylor ,53.7,117,51.5,2.2
WV,Tucker ,50.5,122,47.0,3.5
WV,Tyler ,54.1,116,52.0,2.1
WV,Upshur ,53.7,121,50.8,2.9
WV,Wayne ,57.0,116,54.8,2.2
WV,Webster ,51.4,113,49.6,1.8
WV,Wetzel ,53.4,116,51.5,1.9
WV,Wirt ,54.9,116,52.8,2.1
WV,Wood ,54.9,114,52.9,2.0
WV,Wyoming ,54.9,115,52.9,2.0
WI,Adams ,43.6,56,43.5,0.1
WI,Ashland ,38.4,34,39.0,-0.6
WI,Barron ,40.5,37,41.1,-0.6
WI,Bayfield ,38.9,50,39.1,-0.2
WI,Brown ,43.9,87,43.0,0.9
WI,Buffalo ,43.5,39,44.0,-0.5
WI,Burnett ,40.2,37,40.7,-0.5
WI,Calumet ,44.0,77,43.5,0.5
WI,Chippewa ,41.2,34,42.0,-0.8
WI,Clark ,41.5,56,41.5,0.0
WI,Columbia ,44.8,55,44.8,0.0
WI,Crawford ,45.1,43,45.7,-0.6
WI,Dane ,45.6,58,45.5,0.1
WI,Dodge ,44.2,35,45.0,-0.8
WI,Door ,42.1,42,42.6,-0.5
WI,Douglas ,38.9,47,39.1,-0.2
WI,Dunn ,42.2,39,42.8,-0.6
WI,Eau Claire ,42.3,48,42.5,-0.2
WI,Florence ,38.7,47,38.9,-0.2
WI,Fond du Lac ,44.0,50,44.2,-0.2
WI,Forest ,37.9,30,38.7,-0.8
WI,Grant ,45.6,42,46.3,-0.7
WI,Green ,46.3,57,46.2,0.1
WI,Green Lake ,44.2,50,44.4,-0.2
WI,Iowa ,45.4,53,45.4,0.0
WI,Iron ,37.5,29,38.5,-1.0
WI,Jackson ,42.8,55,42.8,0.0
WI,Jefferson ,45.9,47,46.1,-0.2
WI,Juneau ,43.3,47,43.5,-0.2
WI,Kenosha ,46.9,50,47.1,-0.2
WI,Kewaunee ,43.3,81,42.8,0.5
WI,La Crosse ,44.0,38,44.5,-0.5
WI,Lafayette ,45.7,46,45.9,-0.2
WI,Langlade ,39.0,39,39.4,-0.4
WI,Lincoln ,39.4,33,39.9,-0.5
WI,Manitowoc ,43.9,78,43.4,0.5
WI,Marathon ,41.0,52,41.1,-0.1
WI,Marinette ,40.7,35,41.4,-0.7
WI,Marquette ,44.3,57,44.3,0.0
WI,Menominee ,41.1,53,41.2,-0.1
WI,Milwaukee ,46.7,72,46.3,0.4
WI,Monroe ,42.5,31,43.4,-0.9
WI,Oconto ,41.6,47,41.8,-0.2
WI,Oneida ,37.9,25,39.1,-1.2
WI,Outagamie ,43.6,71,43.2,0.4
WI,Ozaukee ,45.3,67,45.1,0.2
WI,Pepin ,43.2,39,43.9,-0.7
WI,Pierce ,42.0,24,43.3,-1.3
WI,Polk ,40.9,34,41.6,-0.7
WI,Portage ,42.5,57,42.5,0.0
WI,Price ,38.6,36,39.2,-0.6
WI,Racine ,46.5,50,46.7,-0.2
WI,Richland ,45.0,51,45.1,-0.1
WI,Rock ,46.4,46,46.7,-0.3
WI,Rusk ,40.1,36,40.8,-0.7
WI,Sauk ,45.0,67,44.7,0.3
WI,Sawyer ,39.0,49,39.2,-0.2
WI,Shawano ,42.0,65,41.8,0.2
WI,Sheboygan ,44.4,69,44.1,0.3
WI,St. Croix ,41.8,33,42.7,-0.9
WI,Taylor ,39.7,31,40.3,-0.6
WI,Trempealeau ,43.5,55,43.7,-0.2
WI,Vernon ,43.7,36,44.4,-0.7
WI,Vilas ,37.2,25,38.3,-1.1
WI,Walworth ,46.2,48,46.4,-0.2
WI,Washburn ,39.5,40,39.9,-0.4
WI,Washington ,44.5,54,44.6,-0.1
WI,Waukesha ,45.7,59,45.6,0.1
WI,Waupaca ,42.9,49,43.1,-0.2
WI,Waushara ,43.4,56,43.4,0.0
WI,Winnebago ,44.2,59,44.2,0.0
WI,Wood ,42.4,52,42.5,-0.1
WY,Albany ,40.3,83,39.5,0.8
WY,Big Horn ,42.1,73,41.5,0.6
WY,Campbell ,42.4,21,43.6,-1.2
WY,Carbon ,41.0,77,40.3,0.7
WY,Converse ,43.1,37,43.6,-0.5
WY,Crook ,41.5,15,43.1,-1.6
WY,Fremont ,39.7,51,39.8,-0.1
WY,Goshen ,45.9,54,46.0,-0.1
WY,Hot Springs ,42.1,49,42.3,-0.2
WY,Johnson ,42.2,45,42.6,-0.4
WY,Laramie ,45.0,78,44.2,0.8
WY,Lincoln ,37.6,71,37.3,0.3
WY,Natrona ,42.6,51,42.7,-0.1
WY,Niobrara ,43.7,26,44.8,-1.1
WY,Park ,38.1,79,37.5,0.6
WY,Platte ,45.3,52,45.4,-0.1
WY,Sheridan ,41.4,48,41.8,-0.4
WY,Sublette ,35.0,67,34.8,0.2
WY,Sweetwater ,40.4,44,40.8,-0.4
WY,Teton ,34.7,73,34.4,0.3
WY,Uinta ,38.1,24,39.2,-1.1
WY,Washakie ,43.2,49,43.4,-0.2
WY,Weston ,42.3,15,43.7,-1.4
