Autauga,,660,90%,-0.19,AL
Baldwin,,"2,207",86%,0.49,AL
Barbour,,312,81%,1.43,AL
Bibb,,271,84%,0.98,AL
Blount,,689,93%,-0.85,AL
Bullock,(Click for info),121,70%,3,AL
Butler,,239,82%,1.39,AL
Calhoun,,"1,402",92%,-0.64,AL
Chambers,,327,86%,0.52,AL
Cherokee,,314,95%,-1.12,AL
Chilton,,602,88%,0.15,AL
Choctaw,,117,79%,1.95,AL
Clarke,,385,91%,-0.36,AL
Clay,,157,90%,-0.16,AL
Cleburne,,203,98%,-1.71,AL
Coffee,,735,93%,-0.67,AL
Colbert,,585,92%,-0.59,AL
Conecuh,,107,80%,1.62,AL
Coosa,,81,83%,1.18,AL
Covington,,412,95%,-1.12,AL
Crenshaw,,174,89%,-0.02,AL
Cullman,,981,91%,-0.29,AL
Dale,,506,90%,-0.25,AL
Dallas,,507,86%,0.53,AL
DeKalb,,813,93%,-0.71,AL
Elmore,,903,86%,0.53,AL
Escambia,,385,88%,0.23,AL
Etowah,,"1,213",90%,-0.24,AL
Fayette,,183,92%,-0.53,AL
Franklin,,380,92%,-0.59,AL
Geneva,,278,90%,-0.25,AL
Greene,,89,78%,2.16,AL
Hale,,195,91%,-0.43,AL
Henry,,191,98%,-1.68,AL
Houston,,"1,090",91%,-0.36,AL
Jackson,,597,90%,-0.21,AL
Jefferson,,"7,953",89%,0.05,AL
Lamar,,140,94%,-1,AL
Lauderdale,,"1,033",94%,-1.02,AL
Lawrence,,360,88%,0.18,AL
Lee,,"1,671",91%,-0.41,AL
Limestone,,"1,076",92%,-0.57,AL
Lowndes,,115,91%,-0.44,AL
Macon,,205,80%,1.69,AL
Madison,,"3,982",93%,-0.79,AL
Marengo,,297,91%,-0.36,AL
Marion,,368,90%,-0.23,AL
Marshall,,"1,258",92%,-0.62,AL
Mobile,,"4,647",84%,1,AL
Monroe,,259,88%,0.18,AL
Montgomery,,"2,164",82%,1.39,AL
Morgan,,"1,428",90%,-0.23,AL
Perry,,101,93%,-0.77,AL
Pickens,,220,98%,-1.73,AL
Pike,,291,87%,0.32,AL
Randolph,,293,92%,-0.53,AL
Russell,,658,88%,0.16,AL
Shelby,,"2,094",94%,-0.99,AL
St. Clair,,897,88%,0.11,AL
Sumter,,139,77%,2.26,AL
Talladega,,877,93%,-0.7,AL
Tallapoosa,,465,90%,-0.17,AL
Tuscaloosa,,"2,013",89%,0.09,AL
Walker,,809,90%,-0.26,AL
Washington,,232,93%,-0.7,AL
Wilcox,,143,83%,1.09,AL
Winston,,308,93%,-0.73,AL
Aleutians East,,17,82%,NR,AK
Aleutians West,,45,93%,-1.62,AK
Anchorage,,"3,468",80%,-0.4,AK
Bethel,,290,55%,1.96,AK
Bristol Bay,,36,83%,-0.69,AK
Denali,,51,45%,NR,AK
Dillingham,,88,65%,1.03,AK
Fairbanks North Star,,"1,106",70%,0.58,AK
Haines,,23,87%,-1.03,AK
Hoonah-Angoon,,22,73%,0.29,AK
Juneau,,370,77%,-0.13,AK
Kenai Peninsula,,739,82%,-0.55,AK
Ketchikan Gateway,,208,77%,-0.1,AK
Kodiak Island,,210,90%,-1.27,AK
Kusilvak,,165,60%,1.48,AK
Lake and Peninsula,,,,0,AK
Matanuska-Susitna,,"1,360",78%,-0.16,AK
Nome,,147,82%,-0.54,AK
North Slope,,93,70%,0.56,AK
Northwest Arctic,,111,75%,0.1,AK
Petersburg,,33,91%,-1.4,AK
Prince of Wales-Hyder,,103,71%,0.46,AK
Sitka,,189,82%,-0.57,AK
Skagway,,3,100%,NR,AK
Southeast Fairbanks,,71,62%,1.29,AK
Valdez-Cordova,,121,76%,-0.02,AK
Wrangell,,24,88%,-1.08,AK
Yakutat,,7,86%,NR,AK
Yukon-Koyukuk,,576,56%,1.81,AK
Apache,,867,74%,1.52,AZ
Cochise,,"1,378",84%,-0.3,AZ
Coconino,,"1,403",81%,0.23,AZ
Gila,,581,82%,0.01,AZ
Graham,,458,84%,-0.28,AZ
Greenlee,,115,92%,-1.76,AZ
La Paz,,182,82%,0.12,AZ
Maricopa,,"53,585",81%,0.34,AZ
Mohave,,"1,691",83%,-0.16,AZ
Navajo,,"1,376",81%,0.3,AZ
Pima,,"10,597",78%,0.89,AZ
Pinal,,"3,253",72%,1.97,AZ
Santa Cruz,,721,91%,-1.54,AZ
Yavapai,,"1,916",85%,-0.39,AZ
Yuma,,"2,747",88%,-0.96,AZ
Arkansas,,237,82%,1.61,AR
Ashley,,276,90%,-0.16,AR
Baxter,,354,86%,0.81,AR
Benton,,"3,025",90%,-0.21,AR
Boone,,486,93%,-0.68,AR
Bradley,,122,90%,-0.14,AR
Calhoun,,48,92%,-0.48,AR
Carroll,,316,82%,1.61,AR
Chicot,,119,87%,0.66,AR
Clark,,191,84%,1.16,AR
Clay,,159,93%,-0.79,AR
Cleburne,,264,92%,-0.56,AR
Cleveland,,115,96%,-1.37,AR
Columbia,,246,91%,-0.25,AR
Conway,,221,86%,0.89,AR
Craighead,,"1,188",93%,-0.68,AR
Crawford,,859,90%,-0.18,AR
Crittenden,,751,89%,0.1,AR
Cross,,253,92%,-0.57,AR
Dallas,,69,87%,0.57,AR
Desha,,223,87%,0.56,AR
Drew,,219,88%,0.31,AR
Faulkner,,"1,331",93%,-0.84,AR
Franklin,,182,97%,-1.72,AR
Fulton,,121,98%,-1.78,AR
Garland,,874,85%,0.95,AR
Grant,,361,89%,0.01,AR
Greene,,480,96%,-1.41,AR
Hempstead,,282,82%,1.69,AR
Hot Spring,,378,92%,-0.45,AR
Howard,,206,97%,-1.68,AR
Independence,,301,88%,0.33,AR
Izard,,135,97%,-1.67,AR
Jackson,,125,89%,0.16,AR
Jefferson,,843,81%,1.81,AR
Johnson,,316,91%,-0.43,AR
Lafayette,,85,93%,-0.76,AR
Lawrence,,239,89%,0.18,AR
Lee,,76,80%,2.06,AR
Lincoln,,113,95%,-1.15,AR
Little River,,127,85%,1,AR
Logan,,347,92%,-0.54,AR
Lonoke,,"1,026",91%,-0.25,AR
Madison,,215,88%,0.36,AR
Marion,,119,92%,-0.65,AR
Miller,,500,87%,0.47,AR
Mississippi,,574,87%,0.65,AR
Monroe,,100,90%,-0.11,AR
Montgomery,,87,93%,-0.8,AR
Nevada,,99,93%,-0.76,AR
Newton,,59,80%,2.19,AR
Ouachita,,274,91%,-0.3,AR
Perry,,133,91%,-0.32,AR
Phillips,,280,86%,0.77,AR
Pike,,172,87%,0.51,AR
Poinsett,,302,82%,1.65,AR
Polk,,209,90%,-0.2,AR
Pope,,741,91%,-0.41,AR
Prairie,,95,88%,0.24,AR
Pulaski,,"3,774",80%,2.03,AR
Randolph,,174,93%,-0.8,AR
Saline,,"1,230",93%,-0.8,AR
Scott,,185,86%,0.67,AR
Searcy,,74,97%,-1.73,AR
Sebastian,,"1,479",88%,0.38,AR
Sevier,,219,92%,-0.61,AR
Sharp,,132,98%,-1.83,AR
St. Francis,,264,81%,1.88,AR
Stone,,118,95%,-1.2,AR
Union,,582,88%,0.27,AR
Van Buren,,183,93%,-0.87,AR
Washington,,"3,083",87%,0.48,AR
White,,947,86%,0.72,AR
Woodruff,,69,90%,-0.08,AR
Yell,,292,87%,0.49,AR
Alameda,,"17,496",87%,-0.4,CA
Alpine,,,,0,CA
Amador,,356,88%,-0.56,CA
Butte,,"2,441",85%,-0.19,CA
Calaveras,,478,90%,-0.68,CA
Colusa,,366,89%,-0.64,CA
Contra Costa,,"14,286",88%,-0.5,CA
Del Norte,,368,81%,0.14,CA
El Dorado,,"2,172",89%,-0.64,CA
Fresno,,"15,186",81%,0.09,CA
Glenn,,448,82%,0.08,CA
Humboldt,,"1,329",84%,-0.12,CA
Imperial,,"2,989",85%,-0.26,CA
Inyo,(Click for info),873,40%,3,CA
Kern,,"14,016",86%,-0.31,CA
Kings,,"2,230",80%,0.19,CA
Lake,,743,78%,0.41,CA
Lassen,,314,86%,-0.35,CA
Los Angeles,,"122,987",82%,0.09,CA
Madera,,"2,215",83%,-0.06,CA
Marin,,"2,539",87%,-0.43,CA
Mariposa,,113,86%,-0.31,CA
Mendocino,,"1,045",84%,-0.1,CA
Merced,,"4,506",88%,-0.56,CA
Modoc,,106,86%,-0.31,CA
Mono,(Click for info),292,36%,3,CA
Monterey,,"5,427",85%,-0.2,CA
Napa,,"1,686",87%,-0.41,CA
Nevada,,"1,663",50%,3.03,CA
Orange,,"41,787",89%,-0.62,CA
Placer,,"5,848",90%,-0.74,CA
Plumas,,166,81%,0.17,CA
Riverside,,"33,664",89%,-0.59,CA
Sacramento,,"19,055",81%,0.14,CA
San Benito,,851,90%,-0.72,CA
San Bernardino,,"32,250",83%,-0.08,CA
San Diego,,"41,064",81%,0.13,CA
San Francisco,,"5,478",71%,1.04,CA
San Joaquin,,"11,881",82%,0.07,CA
San Luis Obispo,,"2,946",92%,-0.84,CA
San Mateo,,"7,400",88%,-0.49,CA
Santa Barbara,,"5,395",87%,-0.46,CA
Santa Clara,,"21,652",85%,-0.25,CA
Santa Cruz,,"3,199",82%,0.08,CA
Shasta,,"2,075",87%,-0.41,CA
Sierra,,26,100%,-1.63,CA
Siskiyou,,433,80%,0.26,CA
Solano,,"5,106",81%,0.11,CA
Sonoma,,"5,609",81%,0.15,CA
Stanislaus,,"8,450",84%,-0.13,CA
Sutter,,"1,737",83%,-0.06,CA
Tehama,,760,88%,-0.49,CA
Trinity,,156,74%,0.76,CA
Tulare,,"7,601",86%,-0.34,CA
Tuolumne,,573,86%,-0.3,CA
Ventura,,"11,121",86%,-0.33,CA
Yolo,,"2,428",87%,-0.41,CA
Yuba,,989,75%,0.7,CA
Adams,,"5,851",75%,1.03,CO
Alamosa,,158,77%,0.79,CO
Arapahoe,,"8,480",81%,0.35,CO
Archuleta,,76,84%,-0.03,CO
Baca,,34,88%,-0.49,CO
Bent,,184,70%,1.61,CO
Boulder,,"4,372",88%,-0.44,CO
Broomfield,,,,0,CO
Chaffee,,167,81%,0.3,CO
Cheyenne,,27,89%,NR,CO
Clear Creek,,58,81%,0.34,CO
Conejos,,111,89%,-0.61,CO
Costilla,,26,92%,-0.97,CO
Crowley,,29,83%,0.14,CO
Custer,,23,87%,-0.35,CO
Delta,,375,88%,-0.47,CO
Denver,,"5,633",67%,2.03,CO
Dolores,,11,82%,0.25,CO
Douglas,,"4,568",90%,-0.75,CO
Eagle,,496,71%,1.54,CO
El Paso,,"9,427",76%,0.89,CO
Elbert,,260,86%,-0.25,CO
Fremont,,363,79%,0.64,CO
Garfield,,794,85%,-0.13,CO
Gilpin,,23,87%,-0.35,CO
Grand,,125,90%,-0.75,CO
Gunnison,,123,95%,-1.3,CO
Hinsdale,,12,75%,NR,CO
Huerfano,,51,86%,-0.27,CO
Jackson,,13,100%,-1.86,CO
Jefferson,,"6,378",83%,0.06,CO
Kiowa,,21,95%,-1.31,CO
Kit Carson,,114,82%,0.18,CO
La Plata,,466,83%,0.08,CO
Lake,(Click for info),75,55%,3,CO
Larimer,,"3,416",79%,0.55,CO
Las Animas,,153,86%,-0.19,CO
Lincoln,,41,78%,0.69,CO
Logan,,214,87%,-0.4,CO
Mesa,,"1,733",76%,0.93,CO
Mineral,,4,100%,NR,CO
Moffat,,118,81%,0.31,CO
Montezuma,,269,74%,1.12,CO
Montrose,,493,81%,0.35,CO
Morgan,,410,84%,-0.02,CO
Otero,,213,91%,-0.77,CO
Ouray,,30,93%,-1.09,CO
Park,,96,88%,-0.41,CO
Phillips,,69,93%,-1.02,CO
Pitkin,,139,93%,-1.03,CO
Prowers,,140,83%,0.13,CO
Pueblo,,"1,714",81%,0.34,CO
Rio Blanco,,80,98%,-1.57,CO
Rio Grande,,166,85%,-0.11,CO
Routt,,232,94%,-1.21,CO
Saguache,,81,80%,0.43,CO
San Juan,,4,50%,NR,CO
San Miguel,,92,97%,-1.48,CO
Sedgwick,,93,62%,2.51,CO
Summit,,221,95%,-1.28,CO
Teller,,234,76%,0.87,CO
Washington,,66,92%,-0.98,CO
Weld,,"2,772",82%,0.22,CO
Yuma,,100,86%,-0.23,CO
Fairfield,,"10,902",89%,-0.19,CT
Hartford,,"10,762",86%,0.82,CT
Litchfield,,"1,854",90%,-0.45,CT
Middlesex,,"3,980",95%,-1.53,CT
New Haven,,"9,277",83%,1.37,CT
New London,,"2,979",89%,-0.08,CT
Tolland,,"1,640",92%,-0.93,CT
Windham,,"1,117",85%,1,CT
Kent,,"1,920",90%,-1.08,DE
New Castle,,"5,852",88%,0.89,DE
Sussex,,"2,297",89%,0.19,DE
Alachua,,"2,129",84%,-0.37,FL
Baker,,329,81%,-0.02,FL
Bay,,"1,765",79%,0.28,FL
Bradford,,226,81%,0.1,FL
Brevard,,"5,556",86%,-0.61,FL
Broward,,"19,649",81%,0,FL
Calhoun,,156,81%,-0.02,FL
Charlotte,,"1,158",90%,-1.04,FL
Citrus,,"1,125",80%,0.21,FL
Clay,,"3,022",88%,-0.89,FL
Collier,,"3,382",89%,-0.91,FL
Columbia,,731,71%,1.34,FL
DeSoto,,310,65%,2.06,FL
Dixie,,114,89%,-1.03,FL
Duval,,"8,580",80%,0.19,FL
Escambia,,"2,789",80%,0.18,FL
Flagler,,"1,005",81%,0.02,FL
Franklin,,62,79%,0.28,FL
Gadsden,,312,53%,3.6,FL
Gilchrist,,167,93%,-1.52,FL
Glades,,52,85%,-0.42,FL
Gulf,,157,85%,-0.43,FL
Hamilton,,95,68%,1.61,FL
Hardee,,345,73%,1.07,FL
Hendry,,488,86%,-0.57,FL
Hernando,,"1,649",87%,-0.66,FL
Highlands,,907,73%,1.06,FL
Hillsborough,,"14,744",83%,-0.25,FL
Holmes,,255,70%,1.44,FL
Indian River,,"1,230",88%,-0.8,FL
Jackson,,480,73%,1.08,FL
Jefferson,(Click for info),43,56%,3,FL
Lafayette,,85,88%,-0.87,FL
Lake,,"3,103",78%,0.42,FL
Lee,,"6,431",79%,0.28,FL
Leon,,"2,388",90%,-1.1,FL
Levy,,311,79%,0.23,FL
Liberty,,75,91%,-1.18,FL
Madison,,149,81%,0.09,FL
Manatee,,"3,137",82%,-0.1,FL
Marion,,"3,184",77%,0.49,FL
Martin,,"1,607",84%,-0.33,FL
Miami-Dade,,"27,039",81%,0.06,FL
Monroe,,600,80%,0.16,FL
Nassau,,959,91%,-1.23,FL
Okaloosa,,"2,144",87%,-0.69,FL
Okeechobee,,454,72%,1.16,FL
Orange,,"14,864",84%,-0.4,FL
Osceola,,"4,476",87%,-0.67,FL
Palm Beach,,"14,498",86%,-0.62,FL
Pasco,,"5,201",82%,-0.07,FL
Pinellas,,"7,609",83%,-0.23,FL
Polk,,"6,945",78%,0.41,FL
Putnam,,705,72%,1.16,FL
Santa Rosa,,"2,118",87%,-0.66,FL
Sarasota,,"3,288",86%,-0.57,FL
Seminole,,"5,269",89%,-0.94,FL
St. Johns,,"2,855",90%,-1.14,FL
St. Lucie,,"3,013",91%,-1.28,FL
Sumter,,496,85%,-0.53,FL
Suwannee,,367,93%,-1.46,FL
Taylor,,165,70%,1.38,FL
Union,,158,81%,0.03,FL
Volusia,,"4,693",77%,0.53,FL
Wakulla,,345,88%,-0.78,FL
Walton,,573,83%,-0.18,FL
Washington,,257,78%,0.44,FL
Appling,,231,83%,0.57,GA
Atkinson,,108,87%,-0.2,GA
Bacon,,137,85%,0.22,GA
Baker,,20,90%,-0.72,GA
Baldwin,,295,89%,-0.51,GA
Banks,,230,90%,-0.79,GA
Barrow,,832,84%,0.29,GA
Bartow,,"1,286",85%,0.18,GA
Ben Hill,,222,79%,1.17,GA
Berrien,,200,82%,0.69,GA
Bibb,,"1,602",78%,1.37,GA
Bleckley,,177,91%,-0.89,GA
Brantley,,251,82%,0.61,GA
Brooks,,136,69%,2.96,GA
Bryan,,646,85%,0.11,GA
Bulloch,,720,83%,0.6,GA
Burke,,255,92%,-1.1,GA
Butts,,282,84%,0.27,GA
Calhoun,,46,89%,-0.56,GA
Camden,,566,92%,-1.05,GA
Candler,,124,92%,-1.06,GA
Carroll,,"1,432",85%,0.15,GA
Catoosa,,804,86%,0.04,GA
Charlton,,106,73%,2.34,GA
Chatham,,"2,228",85%,0.23,GA
Chattahoochee,,95,86%,-0.07,GA
Chattooga,,341,86%,-0.05,GA
Cherokee,,"3,108",87%,-0.15,GA
Clarke,,689,81%,0.82,GA
Clay,,,,0,GA
Clayton,,"3,643",71%,2.57,GA
Clinch,,84,87%,-0.17,GA
Cobb,,"9,401",84%,0.34,GA
Coffee,,497,82%,0.68,GA
Colquitt,,650,83%,0.58,GA
Columbia,,"1,835",90%,-0.74,GA
Cook,,235,86%,-0.08,GA
Coweta,,"1,701",86%,0.02,GA
Crawford,,117,79%,1.13,GA
Crisp,,303,86%,0.02,GA
Dade,,144,87%,-0.15,GA
Dawson,,239,97%,-1.89,GA
Decatur,,389,87%,-0.26,GA
DeKalb,,"7,161",77%,1.66,GA
Dodge,,232,80%,1.09,GA
Dooly,,114,75%,1.85,GA
Dougherty,,982,84%,0.37,GA
Douglas,,"2,047",87%,-0.25,GA
Early,,177,90%,-0.79,GA
Echols,,55,96%,-1.84,GA
Effingham,,869,88%,-0.33,GA
Elbert,,204,83%,0.54,GA
Emanuel,,270,79%,1.17,GA
Evans,,83,75%,1.98,GA
Fannin,,162,90%,-0.74,GA
Fayette,,"1,716",89%,-0.62,GA
Floyd,,"1,087",92%,-1.08,GA
Forsyth,,"3,155",94%,-1.5,GA
Franklin,,279,89%,-0.58,GA
Fulton,,"9,606",87%,-0.24,GA
Gilmer,,264,92%,-1.01,GA
Glascock,,48,83%,0.46,GA
Glynn,,791,91%,-0.94,GA
Gordon,,704,94%,-1.43,GA
Grady,,297,84%,0.43,GA
Greene,,122,81%,0.84,GA
Gwinnett,,"13,463",83%,0.56,GA
Habersham,,461,91%,-0.95,GA
Hall,,"2,298",86%,-0.06,GA
Hancock,,83,95%,-1.63,GA
Haralson,,385,94%,-1.47,GA
Harris,,415,93%,-1.16,GA
Hart,,198,96%,-1.86,GA
Heard,,155,94%,-1.34,GA
Henry,,"3,539",88%,-0.3,GA
Houston,,"1,942",88%,-0.42,GA
Irwin,,117,89%,-0.52,GA
Jackson,,766,94%,-1.42,GA
Jasper,,175,77%,1.65,GA
Jeff Davis,,241,87%,-0.21,GA
Jefferson,,176,91%,-0.88,GA
Jenkins,,95,73%,2.34,GA
Johnson,,81,88%,-0.3,GA
Jones,,403,85%,0.1,GA
Lamar,,182,88%,-0.35,GA
Lanier,,79,80%,1.09,GA
Laurens,,603,85%,0.24,GA
Lee,,447,86%,-0.04,GA
Liberty,,669,83%,0.52,GA
Lincoln,,90,82%,0.65,GA
Long,,212,84%,0.26,GA
Lowndes,,"1,230",84%,0.34,GA
Lumpkin,,213,90%,-0.66,GA
Macon,,124,87%,-0.21,GA
Madison,,274,90%,-0.68,GA
Marion,,120,89%,-0.57,GA
McDuffie,,276,76%,1.8,GA
McIntosh,,107,76%,1.8,GA
Meriwether,,179,87%,-0.12,GA
Miller,,90,78%,1.44,GA
Mitchell,,233,90%,-0.74,GA
Monroe,,334,87%,-0.16,GA
Montgomery,,75,91%,-0.83,GA
Morgan,,208,92%,-1.04,GA
Murray,,523,85%,0.08,GA
Muscogee,,"2,137",89%,-0.49,GA
Newton,,"1,341",84%,0.33,GA
Oconee,,572,96%,-1.77,GA
Oglethorpe,,145,86%,0.07,GA
Paulding,,"2,191",85%,0.17,GA
Peach,,257,83%,0.47,GA
Pickens,,296,92%,-1.05,GA
Pierce,,285,89%,-0.5,GA
Pike,,225,87%,-0.21,GA
Polk,,553,82%,0.64,GA
Pulaski,,97,86%,0.06,GA
Putnam,,182,91%,-0.83,GA
Quitman,,15,80%,1.04,GA
Rabun,,146,92%,-1.03,GA
Randolph,,93,85%,0.17,GA
Richmond,,"2,182",79%,1.26,GA
Rockdale,,"1,280",85%,0.22,GA
Schley,,90,88%,-0.33,GA
Screven,,159,73%,2.28,GA
Seminole,,111,96%,-1.84,GA
Spalding,,647,82%,0.76,GA
Stephens,,247,85%,0.23,GA
Stewart,,30,97%,-1.89,GA
Sumter,,298,81%,0.83,GA
Talbot,,40,75%,1.92,GA
Taliaferro,,,,0,GA
Tattnall,,234,80%,0.98,GA
Taylor,,110,75%,2,GA
Telfair,,127,85%,0.16,GA
Terrell,,107,92%,-1,GA
Thomas,,602,84%,0.36,GA
Tift,,485,85%,0.25,GA
Toombs,,385,86%,-0.01,GA
Towns,,92,92%,-1.14,GA
Treutlen,,69,78%,1.35,GA
Troup,,888,79%,1.25,GA
Turner,,106,81%,0.84,GA
Twiggs,,60,90%,-0.72,GA
Union,,173,99%,-2.27,GA
Upson,,326,87%,-0.26,GA
Walker,,792,88%,-0.34,GA
Walton,,"1,122",85%,0.14,GA
Ware,,375,88%,-0.41,GA
Warren,,32,88%,-0.28,GA
Washington,,232,88%,-0.35,GA
Wayne,,357,87%,-0.21,GA
Webster,,25,88%,-0.36,GA
Wheeler,,70,87%,-0.21,GA
White,,260,95%,-1.6,GA
Whitfield,,"1,637",84%,0.37,GA
Wilcox,,97,90%,-0.66,GA
Wilkes,,96,82%,0.64,GA
Wilkinson,,105,93%,-1.3,GA
Worth,,235,82%,0.67,GA
Hawaii,,"1,905",79%,0.93,HI
Honolulu,,"8,535",84%,-0.32,HI
Kalawao,,,,NR,HI
Kauai,,670,88%,-1.27,HI
Maui,,"1,633",80%,0.66,HI
Ada,,"6,274",77%,0.56,ID
Adams,,,,0,ID
Bannock,,"1,094",88%,-0.7,ID
Bear Lake,,80,88%,-0.63,ID
Benewah,,100,77%,0.6,ID
Bingham,,766,86%,-0.47,ID
Blaine,,264,91%,-1.03,ID
Boise,,,,0,ID
Bonner,,420,82%,0.04,ID
Bonneville,,"1,752",76%,0.64,ID
Boundary,,107,93%,-1.2,ID
Butte,,,,0,ID
Camas,,,,NR,ID
Canyon,,"2,920",78%,0.46,ID
Caribou,,,,0,ID
Cassia,,364,88%,-0.69,ID
Clark,,,,NR,ID
Clearwater,(Click for info),171,48%,3,ID
Custer,,,,0,ID
Elmore,,434,63%,2.16,ID
Franklin,,236,89%,-0.79,ID
Fremont,,137,93%,-1.2,ID
Gem,,220,81%,0.1,ID
Gooding,,240,79%,0.38,ID
Idaho,,139,82%,0.01,ID
Jefferson,,466,87%,-0.59,ID
Jerome,,290,80%,0.23,ID
Kootenai,,"1,803",77%,0.53,ID
Latah,,373,83%,-0.17,ID
Lemhi,,,,0,ID
Lewis,,,,0,ID
Lincoln,,,,0,ID
Madison,,555,90%,-0.89,ID
Minidoka,,311,73%,1.01,ID
Nez Perce,,446,85%,-0.35,ID
Oneida,,91,78%,0.5,ID
Owyhee,,142,89%,-0.84,ID
Payette,,326,81%,0.07,ID
Power,,128,83%,-0.17,ID
Shoshone,,137,83%,-0.1,ID
Teton,,117,93%,-1.2,ID
Twin Falls,,"1,058",78%,0.42,ID
Valley,,102,83%,-0.11,ID
Washington,,149,86%,-0.48,ID
Adams,,694,90%,-0.45,IL
Alexander,,,79%,1.81,IL
Bond,,146,88%,-0.1,IL
Boone,,813,85%,0.55,IL
Brown,,,82%,1.26,IL
Bureau,,328,85%,0.56,IL
Calhoun,,,90%,-0.37,IL
Carroll,,171,88%,-0.06,IL
Cass,,138,92%,-0.81,IL
Champaign,,"1,632",88%,-0.08,IL
Christian,,424,91%,-0.55,IL
Clark,,229,86%,0.33,IL
Clay,,173,82%,1.28,IL
Clinton,,316,90%,-0.4,IL
Coles,,504,90%,-0.52,IL
Cook,,"54,814",92%,-0.75,IL
Crawford,,218,88%,0.01,IL
Cumberland,,122,89%,-0.28,IL
De Witt,,189,89%,-0.3,IL
DeKalb,,"1,290",91%,-0.61,IL
Douglas,,257,91%,-0.69,IL
DuPage,,"12,244",95%,-1.36,IL
Edgar,,232,84%,0.81,IL
Edwards,,75,81%,1.36,IL
Effingham,,417,94%,-1.18,IL
Fayette,,190,86%,0.31,IL
Ford,,236,83%,1.09,IL
Franklin,,469,85%,0.59,IL
Fulton,,321,92%,-0.77,IL
Gallatin,,,96%,-1.61,IL
Greene,,,90%,-0.53,IL
Grundy,,"1,036",94%,-1.18,IL
Hamilton,,88,98%,-2.02,IL
Hancock,,197,90%,-0.4,IL
Hardin,,,89%,-0.21,IL
Henderson,,65,85%,0.68,IL
Henry,,625,89%,-0.15,IL
Iroquois,,324,89%,-0.25,IL
Jackson,,515,86%,0.37,IL
Jasper,,103,96%,-1.69,IL
Jefferson,,387,85%,0.66,IL
Jersey,,226,86%,0.35,IL
Jo Daviess,,,96%,-1.65,IL
Johnson,,143,93%,-1.01,IL
Kane,,"7,415",87%,0.1,IL
Kankakee,,"1,295",90%,-0.48,IL
Kendall,,"1,936",95%,-1.45,IL
Knox,,569,89%,-0.15,IL
Lake,,"10,843",91%,-0.65,IL
LaSalle,,"1,165",88%,-0.08,IL
Lawrence,,163,78%,2,IL
Lee,,334,86%,0.36,IL
Livingston,,449,89%,-0.23,IL
Logan,,250,81%,1.32,IL
Macon,,"1,013",85%,0.62,IL
Macoupin,,653,87%,0.2,IL
Madison,,"3,065",87%,0.23,IL
Marion,,511,84%,0.77,IL
Marshall,,,83%,1,IL
Mason,,212,87%,0.22,IL
Massac,,170,75%,2.6,IL
McDonough,,254,87%,0.25,IL
McHenry,,"5,493",94%,-1.27,IL
McLean,,"1,599",92%,-0.78,IL
Menard,,173,91%,-0.59,IL
Mercer,,207,94%,-1.22,IL
Monroe,,444,92%,-0.92,IL
Montgomery,,301,84%,0.77,IL
Morgan,,337,80%,1.53,IL
Moultrie,,115,89%,-0.15,IL
Ogle,,744,95%,-1.46,IL
Peoria,,"1,983",84%,0.88,IL
Perry,,184,92%,-0.94,IL
Piatt,,189,94%,-1.25,IL
Pike,,158,87%,0.26,IL
Pope,,,84%,0.78,IL
Pulaski,,,85%,0.65,IL
Putnam,,66,82%,1.26,IL
Randolph,,307,87%,0.19,IL
Richland,,184,91%,-0.6,IL
Rock Island,,"1,584",93%,-0.99,IL
Saline,,306,82%,1.28,IL
Sangamon,,"2,170",84%,0.77,IL
Schuyler,,90,92%,-0.87,IL
Scott,,,93%,-1.14,IL
Shelby,,152,90%,-0.48,IL
St. Clair,,"3,123",89%,-0.24,IL
Stark,,76,86%,0.49,IL
Stephenson,,467,81%,1.52,IL
Tazewell,,"1,341",88%,0,IL
Union,,208,92%,-0.82,IL
Vermilion,,969,80%,1.66,IL
Wabash,,148,85%,0.7,IL
Warren,,212,89%,-0.15,IL
Washington,,150,94%,-1.33,IL
Wayne,(Click for info),182,70%,3,IL
White,,147,91%,-0.68,IL
Whiteside,,657,88%,-0.07,IL
Will,,"8,619",91%,-0.69,IL
Williamson,,722,87%,0.25,IL
Winnebago,,"3,241",79%,1.75,IL
Woodford,,591,90%,-0.53,IL
Adams,,390,93%,-0.42,IN
Allen,,"3,763",92%,-0.16,IN
Bartholomew,,911,89%,0.39,IN
Benton,,139,94%,-0.67,IN
Blackford,,124,97%,-1.21,IN
Boone,,790,95%,-0.85,IN
Brown,,151,98%,-1.47,IN
Carroll,,224,93%,-0.38,IN
Cass,,435,91%,0.11,IN
Clark,,"1,217",91%,-0.08,IN
Clay,,277,90%,0.33,IN
Clinton,,418,90%,0.19,IN
Crawford,,110,88%,0.61,IN
Daviess,,305,95%,-0.78,IN
Dearborn,,682,94%,-0.68,IN
Decatur,,298,96%,-0.97,IN
DeKalb,,588,91%,-0.05,IN
Delaware,,"1,229",91%,0.07,IN
Dubois,,540,93%,-0.4,IN
Elkhart,,"2,503",91%,0.06,IN
Fayette,,268,92%,-0.15,IN
Floyd,,908,94%,-0.63,IN
Fountain,,219,93%,-0.44,IN
Franklin,,364,96%,-0.96,IN
Fulton,,183,93%,-0.39,IN
Gibson,,363,92%,-0.26,IN
Grant,,749,96%,-1.01,IN
Greene,,340,94%,-0.64,IN
Hamilton,,"5,122",77%,3.03,IN
Hancock,,982,92%,-0.12,IN
Harrison,,441,97%,-1.27,IN
Hendricks,,"2,121",96%,-1.11,IN
Henry,,546,94%,-0.53,IN
Howard,,"1,209",75%,3.39,IN
Huntington,,388,92%,-0.14,IN
Jackson,,481,92%,-0.26,IN
Jasper,,398,93%,-0.4,IN
Jay,,246,96%,-1.03,IN
Jefferson,,341,82%,2.03,IN
Jennings,,306,91%,0.12,IN
Johnson,,"1,871",93%,-0.49,IN
Knox,,322,97%,-1.23,IN
Kosciusko,,897,93%,-0.33,IN
LaGrange,,322,93%,-0.31,IN
Lake,,"6,083",87%,0.76,IN
LaPorte,,"1,304",89%,0.48,IN
Lawrence,,446,84%,1.44,IN
Madison,,"1,384",85%,1.31,IN
Marion,,"11,472",76%,3.21,IN
Marshall,,592,90%,0.29,IN
Martin,,106,96%,-1.09,IN
Miami,,356,95%,-0.82,IN
Monroe,,"1,018",91%,0.07,IN
Montgomery,,437,97%,-1.21,IN
Morgan,,831,92%,-0.21,IN
Newton,,157,88%,0.67,IN
Noble,,554,91%,-0.02,IN
Ohio,,48,94%,-0.57,IN
Orange,,194,92%,-0.25,IN
Owen,,178,92%,-0.22,IN
Parke,,178,85%,1.21,IN
Perry,,228,90%,0.25,IN
Pike,,137,93%,-0.34,IN
Porter,,"2,123",91%,0.06,IN
Posey,,299,93%,-0.33,IN
Pulaski,,159,92%,-0.16,IN
Putnam,,409,91%,-0.08,IN
Randolph,,343,91%,0.09,IN
Ripley,,227,94%,-0.58,IN
Rush,,172,98%,-1.4,IN
Scott,,284,87%,0.95,IN
Shelby,,497,95%,-0.91,IN
Spencer,,230,93%,-0.33,IN
St. Joseph,,"2,845",85%,1.36,IN
Starke,,258,93%,-0.33,IN
Steuben,,242,86%,1,IN
Sullivan,,249,82%,1.85,IN
Switzerland,,108,95%,-0.91,IN
Tippecanoe,,"1,630",85%,1.36,IN
Tipton,,219,95%,-0.83,IN
Union,,110,92%,-0.16,IN
Vanderburgh,,"1,658",81%,2.12,IN
Vermillion,,187,94%,-0.64,IN
Vigo,,950,89%,0.5,IN
Wabash,,411,87%,0.84,IN
Warren,,74,96%,-1.03,IN
Warrick,,728,91%,-0.03,IN
Washington,,311,90%,0.29,IN
Wayne,,846,82%,1.94,IN
Wells,,340,97%,-1.21,IN
White,,345,86%,1.18,IN
Whitley,,481,91%,-0.04,IN
Adair,,69,97%,-1.05,IA
Adams,,53,91%,0.44,IA
Allamakee,,193,94%,-0.41,IA
Appanoose,,134,91%,0.33,IA
Audubon,,38,97%,-1.11,IA
Benton,,257,88%,0.95,IA
Black Hawk,,"1,235",89%,0.71,IA
Boone,,282,96%,-0.82,IA
Bremer,,373,94%,-0.24,IA
Buchanan,,194,94%,-0.42,IA
Buena Vista,,278,68%,5.49,IA
Butler,,125,94%,-0.43,IA
Calhoun,,106,100%,-1.71,IA
Carroll,,234,95%,-0.54,IA
Cass,,244,86%,1.46,IA
Cedar,,230,91%,0.37,IA
Cerro Gordo,,364,91%,0.36,IA
Cherokee,,95,93%,-0.03,IA
Chickasaw,,114,92%,0.09,IA
Clarke,,108,90%,0.61,IA
Clay,,149,89%,0.74,IA
Clayton,,195,92%,0.16,IA
Clinton,,581,92%,0.13,IA
Crawford,,223,91%,0.43,IA
Dallas,,"1,112",97%,-0.93,IA
Davis,,98,96%,-0.78,IA
Decatur,,73,99%,-1.39,IA
Delaware,,168,95%,-0.62,IA
Des Moines,,406,81%,2.55,IA
Dickinson,,205,94%,-0.26,IA
Dubuque,,"1,130",92%,0.17,IA
Emmet,,143,97%,-1.07,IA
Fayette,,243,95%,-0.49,IA
Floyd,,165,93%,-0.19,IA
Franklin,,92,97%,-0.96,IA
Fremont,,84,100%,-1.71,IA
Greene,,100,85%,1.7,IA
Grundy,,217,96%,-0.87,IA
Guthrie,,161,97%,-1,IA
Hamilton,,198,95%,-0.56,IA
Hancock,,129,95%,-0.65,IA
Hardin,,210,94%,-0.3,IA
Harrison,,185,96%,-0.85,IA
Henry,,273,89%,0.88,IA
Howard,,130,95%,-0.48,IA
Humboldt,,115,95%,-0.52,IA
Ida,,94,98%,-1.22,IA
Iowa,,183,96%,-0.71,IA
Jackson,,230,91%,0.27,IA
Jasper,,371,91%,0.25,IA
Jefferson,,168,91%,0.32,IA
Johnson,,"1,209",90%,0.53,IA
Jones,,184,92%,0.02,IA
Keokuk,,80,91%,0.28,IA
Kossuth,,100,94%,-0.34,IA
Lee,,370,91%,0.32,IA
Linn,,"2,577",89%,0.91,IA
Louisa,,184,86%,1.51,IA
Lucas,,102,92%,0.08,IA
Lyon,,144,96%,-0.76,IA
Madison,,243,95%,-0.58,IA
Mahaska,,235,91%,0.23,IA
Marion,,405,97%,-0.98,IA
Marshall,,451,91%,0.36,IA
Mills,,179,96%,-0.82,IA
Mitchell,,131,95%,-0.66,IA
Monona,,109,90%,0.59,IA
Monroe,,81,96%,-0.86,IA
Montgomery,,118,93%,-0.16,IA
Muscatine,,515,86%,1.47,IA
O'Brien,,184,84%,1.88,IA
Osceola,,58,90%,0.65,IA
Page,,183,96%,-0.84,IA
Palo Alto,,128,94%,-0.29,IA
Plymouth,,301,97%,-1.03,IA
Pocahontas,,76,89%,0.69,IA
Polk,,"5,052",90%,0.5,IA
Pottawattamie,,"1,115",92%,0.15,IA
Poweshiek,,202,93%,-0.02,IA
Ringgold,,38,97%,-1.11,IA
Sac,,66,94%,-0.33,IA
Scott,,"1,983",88%,0.97,IA
Shelby,,173,97%,-0.92,IA
Sioux,,316,89%,0.74,IA
Story,,799,94%,-0.34,IA
Tama,,173,94%,-0.39,IA
Taylor,,78,96%,-0.83,IA
Union,,138,92%,0.11,IA
Van Buren,,39,92%,0.04,IA
Wapello,,378,90%,0.64,IA
Warren,,676,95%,-0.6,IA
Washington,,268,89%,0.75,IA
Wayne,,72,92%,0.19,IA
Webster,,362,82%,2.31,IA
Winnebago,,177,93%,-0.04,IA
Winneshiek,,215,97%,-0.97,IA
Woodbury,,"1,239",87%,1.21,IA
Worth,,100,93%,-0.11,IA
Wright,,201,94%,-0.24,IA
Allen,,186,88%,0.17,KS
Anderson,,78,94%,-0.65,KS
Atchison,,150,85%,0.62,KS
Barber,,,93%,-0.54,KS
Barton,,334,85%,0.69,KS
Bourbon,,163,91%,-0.22,KS
Brown,,118,86%,0.57,KS
Butler,,"1,251",88%,0.25,KS
Chase,,,95%,-0.8,KS
Chautauqua,,,88%,0.2,KS
Cherokee,,273,91%,-0.28,KS
Cheyenne,,,87%,0.34,KS
Clark,,,95%,-0.8,KS
Clay,,108,94%,-0.77,KS
Cloud,,122,76%,1.99,KS
Coffey,,,93%,-0.51,KS
Comanche,,,100%,-1.62,KS
Cowley,,416,83%,1.01,KS
Crawford,,477,86%,0.45,KS
Decatur,,,96%,-0.97,KS
Dickinson,,278,92%,-0.47,KS
Doniphan,,,89%,0.11,KS
Douglas,,"1,192",84%,0.84,KS
Edwards,,,85%,0.63,KS
Elk,,,86%,0.55,KS
Ellis,,274,90%,-0.07,KS
Ellsworth,,,84%,0.78,KS
Finney,,645,81%,1.3,KS
Ford,,566,91%,-0.25,KS
Franklin,,337,89%,0.1,KS
Geary,,388,87%,0.42,KS
Gove,,,89%,0.11,KS
Graham,,,100%,-1.62,KS
Grant,,115,91%,-0.3,KS
Gray,,,95%,-0.88,KS
Greeley,,,88%,0.28,KS
Greenwood,,,100%,-1.62,KS
Hamilton,,,97%,-1.23,KS
Harper,,,83%,0.95,KS
Harvey,,442,89%,0.04,KS
Haskell,,,84%,0.83,KS
Hodgeman,,,100%,-1.62,KS
Jackson,,189,94%,-0.66,KS
Jefferson,,284,93%,-0.56,KS
Jewell,,,88%,0.17,KS
Johnson,,"7,024",90%,-0.12,KS
Kearny,,,87%,0.37,KS
Kingman,,96,94%,-0.68,KS
Kiowa,(Click for info),102,50%,3,KS
Labette,,304,91%,-0.3,KS
Lane,,,100%,-1.62,KS
Leavenworth,,"1,020",92%,-0.36,KS
Lincoln,,,92%,-0.4,KS
Linn,,126,93%,-0.54,KS
Logan,,,94%,-0.68,KS
Lyon,,378,88%,0.19,KS
Marion,,,81%,1.21,KS
Marshall,,,94%,-0.71,KS
McPherson,,358,92%,-0.34,KS
Meade,,,86%,0.51,KS
Miami,,851,93%,-0.48,KS
Mitchell,,80,99%,-1.44,KS
Montgomery,,378,87%,0.31,KS
Morris,,,93%,-0.62,KS
Morton,,160,80%,1.42,KS
Nemaha,,161,93%,-0.57,KS
Neosho,,178,92%,-0.4,KS
Ness,,,97%,-1.23,KS
Norton,,,88%,0.28,KS
Osage,,189,86%,0.48,KS
Osborne,,,93%,-0.6,KS
Ottawa,,,90%,-0.12,KS
Pawnee,,91,91%,-0.25,KS
Phillips,,,100%,-1.62,KS
Pottawatomie,,307,93%,-0.5,KS
Pratt,,115,86%,0.49,KS
Rawlins,,,96%,-1.06,KS
Reno,,716,87%,0.31,KS
Republic,,,86%,0.45,KS
Rice,,,93%,-0.56,KS
Riley,,588,82%,1.15,KS
Rooks,,,93%,-0.48,KS
Rush,,,80%,1.36,KS
Russell,,62,84%,0.78,KS
Saline,,640,88%,0.16,KS
Scott,,74,97%,-1.21,KS
Sedgwick,,"5,766",81%,1.22,KS
Seward,,393,88%,0.16,KS
Shawnee,,"2,165",86%,0.48,KS
Sheridan,,,95%,-0.86,KS
Sherman,,72,83%,0.92,KS
Smith,,,89%,0.04,KS
Stafford,,,92%,-0.42,KS
Stanton,,,100%,NR,KS
Stevens,,88,85%,0.63,KS
Sumner,,295,92%,-0.39,KS
Thomas,,92,86%,0.51,KS
Trego,,,88%,0.2,KS
Wabaunsee,,,92%,-0.43,KS
Wallace,,,96%,NR,KS
Washington,,,90%,-0.1,KS
Wichita,,,94%,NR,KS
Wilson,,131,84%,0.81,KS
Woodson,,,93%,-0.54,KS
Wyandotte,,"2,061",75%,2.21,KS
Adair,,186,97%,-0.82,KY
Allen,,225,92%,0.91,KY
Anderson,,267,99%,-1.29,KY
Ballard,,115,92%,0.72,KY
Barren,,408,95%,-0.23,KY
Bath,,152,91%,0.94,KY
Bell,,317,96%,-0.49,KY
Boone,,"1,437",96%,-0.31,KY
Bourbon,,276,93%,0.44,KY
Boyd,,483,94%,0.3,KY
Boyle,,314,97%,-0.67,KY
Bracken,,126,94%,0.04,KY
Breathitt,,178,86%,2.59,KY
Breckinridge,,258,94%,0.12,KY
Bullitt,,999,91%,0.99,KY
Butler,,172,93%,0.47,KY
Caldwell,,141,94%,0.08,KY
Calloway,,315,96%,-0.48,KY
Campbell,,866,98%,-0.93,KY
Carlisle,,62,94%,0.31,KY
Carroll,,119,98%,-1.12,KY
Carter,,359,99%,-1.46,KY
Casey,,150,99%,-1.23,KY
Christian,,558,94%,0.2,KY
Clark,,383,97%,-0.84,KY
Clay,,201,84%,3.15,KY
Clinton,,130,98%,-0.93,KY
Crittenden,,96,85%,2.75,KY
Cumberland,,65,98%,-1.16,KY
Daviess,,984,95%,-0.1,KY
Edmonson,,134,94%,0.17,KY
Elliott,,81,98%,-0.88,KY
Estill,,180,97%,-0.62,KY
Fayette,,"2,755",89%,1.65,KY
Fleming,,176,95%,-0.09,KY
Floyd,,367,96%,-0.56,KY
Franklin,,447,88%,2.07,KY
Fulton,,55,98%,-1.08,KY
Gallatin,,113,96%,-0.3,KY
Garrard,,194,94%,0.23,KY
Grant,,353,89%,1.69,KY
Graves,,385,95%,-0.22,KY
Grayson,,291,85%,2.81,KY
Green,,91,96%,-0.31,KY
Greenup,,455,96%,-0.44,KY
Hancock,,123,95%,-0.16,KY
Hardin,,"1,113",94%,0.1,KY
Harlan,,284,96%,-0.36,KY
Harrison,,219,94%,0.29,KY
Hart,,244,94%,0.22,KY
Henderson,,433,96%,-0.52,KY
Henry,,221,93%,0.41,KY
Hickman,,46,98%,-0.97,KY
Hopkins,,488,91%,1.2,KY
Jackson,,132,89%,1.56,KY
Jefferson,,"6,204",88%,1.92,KY
Jessamine,,516,95%,0,KY
Johnson,,309,96%,-0.36,KY
Kenton,,"1,499",92%,0.78,KY
Knott,,163,98%,-0.89,KY
Knox,,325,95%,-0.24,KY
Larue,,185,99%,-1.3,KY
Laurel,,542,92%,0.76,KY
Lawrence,,142,92%,0.7,KY
Lee,,67,96%,-0.28,KY
Leslie,,121,99%,-1.38,KY
Letcher,,262,97%,-0.82,KY
Lewis,,170,99%,-1.45,KY
Lincoln,,209,96%,-0.48,KY
Livingston,,83,93%,0.54,KY
Logan,,340,89%,1.55,KY
Lyon,,64,98%,-1.16,KY
Madison,,916,95%,-0.25,KY
Magoffin,,148,94%,0.2,KY
Marion,,233,93%,0.56,KY
Marshall,,322,96%,-0.41,KY
Martin,,115,98%,-1.1,KY
Mason,,201,94%,0.17,KY
McCracken,,632,92%,0.89,KY
McCreary,,142,96%,-0.36,KY
McLean,,128,92%,0.72,KY
Meade,,341,96%,-0.39,KY
Menifee,,71,97%,-0.78,KY
Mercer,,245,95%,-0.03,KY
Metcalfe,,108,94%,0.04,KY
Monroe,,138,99%,-1.19,KY
Montgomery,,306,97%,-0.84,KY
Morgan,,129,93%,0.47,KY
Muhlenberg,,377,90%,1.4,KY
Nelson,,517,96%,-0.46,KY
Nicholas,,94,97%,-0.67,KY
Ohio,,244,94%,0.1,KY
Oldham,,901,98%,-0.89,KY
Owen,,135,95%,-0.07,KY
Owsley,,55,85%,2.74,KY
Pendleton,,175,95%,-0.08,KY
Perry,,308,97%,-0.75,KY
Pike,,719,97%,-0.58,KY
Powell,,159,89%,1.77,KY
Pulaski,,691,96%,-0.45,KY
Robertson,,27,100%,-1.63,KY
Rockcastle,,175,98%,-0.94,KY
Rowan,,216,97%,-0.79,KY
Russell,,188,97%,-0.67,KY
Scott,,551,93%,0.55,KY
Shelby,,468,94%,0.23,KY
Simpson,,210,94%,0.23,KY
Spencer,,199,96%,-0.57,KY
Taylor,,304,96%,-0.54,KY
Todd,,114,99%,-1.36,KY
Trigg,,164,91%,0.94,KY
Trimble,,89,93%,0.4,KY
Union,,144,96%,-0.37,KY
Warren,,"1,231",96%,-0.38,KY
Washington,,118,97%,-0.86,KY
Wayne,,251,95%,-0.19,KY
Webster,,156,88%,1.84,KY
Whitley,,457,95%,-0.11,KY
Wolfe,,84,96%,-0.55,KY
Woodford,,291,97%,-0.7,KY
Acadia,,541,91%,-0.8,LA
Allen,,259,92%,-0.95,LA
Ascension,,"1,594",88%,-0.51,LA
Assumption,,242,90%,-0.68,LA
Avoyelles,,410,79%,0.4,LA
Beauregard,,396,95%,-1.2,LA
Bienville,,134,90%,-0.67,LA
Bossier,,"1,433",83%,-0.01,LA
Caddo,,"2,819",74%,0.97,LA
Calcasieu,,"2,081",84%,-0.09,LA
Caldwell,,71,90%,-0.72,LA
Cameron,,90,91%,-0.83,LA
Catahoula,,82,88%,-0.48,LA
Claiborne,,112,90%,-0.73,LA
Concordia,,262,83%,-0.01,LA
De Soto,,336,94%,-1.11,LA
East Baton Rouge,,"4,454",71%,1.27,LA
East Carroll,,,98%,-1.53,LA
East Feliciana,,139,86%,-0.33,LA
Evangeline,,394,81%,0.28,LA
Franklin,,208,76%,0.75,LA
Grant,,225,84%,-0.09,LA
Iberia,,915,81%,0.19,LA
Iberville,,290,86%,-0.32,LA
Jackson,,135,81%,0.26,LA
Jefferson,,"3,168",72%,1.18,LA
Jefferson Davis,,361,93%,-0.97,LA
La Salle,,129,96%,-1.35,LA
Lafayette,,"2,121",77%,0.66,LA
Lafourche,,834,94%,-1.13,LA
Lincoln,,408,96%,-1.3,LA
Livingston,,"1,690",87%,-0.36,LA
Madison,(Click for info),99,40%,3,LA
Morehouse,,273,69%,1.45,LA
Natchitoches,,526,80%,0.38,LA
Orleans,,"3,717",73%,1.08,LA
Ouachita,,"1,948",83%,-0.01,LA
Plaquemines,,295,91%,-0.79,LA
Pointe Coupee,,215,70%,1.39,LA
Rapides,,"1,534",78%,0.58,LA
Red River,,69,84%,-0.1,LA
Richland,,284,78%,0.5,LA
Sabine,,284,93%,-1.05,LA
St. Bernard,,409,91%,-0.82,LA
St. Charles,,717,82%,0.16,LA
St. Helena,,92,74%,0.96,LA
St. James,,276,85%,-0.2,LA
St. John the Baptist,,352,81%,0.26,LA
St. Landry,,942,69%,1.46,LA
St. Martin,,535,84%,-0.06,LA
St. Mary,,609,88%,-0.52,LA
St. Tammany,,"2,686",83%,0.04,LA
Tangipahoa,,"1,407",71%,1.31,LA
Tensas,,,84%,-0.09,LA
Terrebonne,,"1,148",82%,0.08,LA
Union,,207,65%,1.91,LA
Vermilion,,571,94%,-1.08,LA
Vernon,,491,91%,-0.79,LA
Washington,,503,82%,0.17,LA
Webster,,448,77%,0.68,LA
West Baton Rouge,,269,74%,0.92,LA
West Carroll,,120,93%,-1.05,LA
West Feliciana,,143,91%,-0.8,LA
Winn,,175,85%,-0.2,LA
Androscoggin,,"1,039",80%,2.1,ME
Aroostook,,786,89%,-1.07,ME
Cumberland,,"3,182",90%,-1.09,ME
Franklin,,373,90%,-1.29,ME
Hancock,,433,84%,0.91,ME
Kennebec,,"1,079",86%,-0.02,ME
Knox,,363,85%,0.65,ME
Lincoln,,216,83%,1.25,ME
Oxford,,621,84%,0.72,ME
Penobscot,,"1,541",89%,-0.85,ME
Piscataquis,,126,90%,-1.15,ME
Sagadahoc,,420,85%,0.42,ME
Somerset,,554,85%,0.56,ME
Waldo,,306,86%,0.05,ME
Washington,,235,88%,-0.59,ME
York,,"1,710",88%,-0.6,ME
Allegany,,604,89%,0.08,MD
Anne Arundel,,"5,745",89%,0.12,MD
Baltimore,,"8,039",89%,0.04,MD
Baltimore City,,"5,283",71%,3.16,MD
Calvert,,"1,283",95%,-0.93,MD
Caroline,,396,82%,1.18,MD
Carroll,,"2,044",98%,-1.43,MD
Cecil,,"1,173",91%,-0.23,MD
Charles,,"2,053",95%,-0.95,MD
Dorchester,,291,83%,1.04,MD
Frederick,,"3,084",92%,-0.56,MD
Garrett,,289,92%,-0.55,MD
Harford,,"2,749",89%,0.05,MD
Howard,,"4,081",92%,-0.53,MD
Kent,,147,90%,-0.22,MD
Montgomery,,"11,431",90%,-0.05,MD
Prince George's,,"8,951",83%,1.12,MD
Queen Anne's,,560,98%,-1.43,MD
Somerset,,185,86%,0.56,MD
St. Mary's,,"1,252",94%,-0.81,MD
Talbot,,357,87%,0.36,MD
Washington,,"1,644",92%,-0.52,MD
Wicomico,,"1,061",84%,0.93,MD
Worcester,,536,92%,-0.44,MD
Barnstable,,"2,068",92%,-0.58,MA
Berkshire,,"1,329",88%,0.12,MA
Bristol,,"6,149",88%,0.01,MA
Dukes,,194,92%,-0.58,MA
Essex,,"8,723",89%,-0.15,MA
Franklin,,684,82%,0.98,MA
Hampden,,"5,283",85%,0.51,MA
Hampshire,,"1,467",94%,-0.91,MA
Middlesex,,"16,384",94%,-0.88,MA
Nantucket,,118,86%,0.45,MA
Norfolk,,"7,648",93%,-0.84,MA
Plymouth,,"6,348",91%,-0.47,MA
Suffolk,,"5,782",71%,2.84,MA
Worcester,,"9,332",91%,-0.5,MA
Alcona,,58,91%,-1.07,MI
Alger,,71,90%,-0.85,MI
Allegan,,"1,363",87%,-0.23,MI
Alpena,,319,87%,-0.28,MI
Antrim,,239,90%,-0.82,MI
Arenac,,165,92%,-1.09,MI
Baraga,,96,88%,-0.39,MI
Barry,,526,86%,-0.19,MI
Bay,,"1,101",85%,0.01,MI
Benzie,,146,79%,1.01,MI
Berrien,,"2,212",71%,2.43,MI
Branch,,482,82%,0.57,MI
Calhoun,,"1,335",86%,-0.18,MI
Cass,,464,87%,-0.24,MI
Charlevoix,,296,84%,0.14,MI
Cheboygan,,238,85%,0.06,MI
Chippewa,,366,81%,0.76,MI
Clare,,313,92%,-1.18,MI
Clinton,,799,94%,-1.46,MI
Crawford,,123,93%,-1.44,MI
Delta,,356,81%,0.71,MI
Dickinson,,305,86%,-0.17,MI
Eaton,,"1,585",78%,1.17,MI
Emmet,,377,95%,-1.65,MI
Genesee,,"5,169",81%,0.76,MI
Gladwin,,212,86%,-0.11,MI
Gogebic,,109,94%,-1.61,MI
Grand Traverse,,922,85%,0,MI
Gratiot,,483,87%,-0.26,MI
Hillsdale,,478,81%,0.67,MI
Houghton,,416,87%,-0.35,MI
Huron,,345,90%,-0.75,MI
Ingham,,"3,211",79%,1.03,MI
Ionia,,723,88%,-0.4,MI
Iosco,,280,84%,0.17,MI
Iron,,98,87%,-0.26,MI
Isabella,,470,83%,0.39,MI
Jackson,,"1,602",83%,0.4,MI
Kalamazoo,,"2,411",81%,0.68,MI
Kalkaska,,157,78%,1.2,MI
Kent,,"7,327",84%,0.25,MI
Keweenaw,,,,0,MI
Lake,,27,81%,0.65,MI
Lapeer,,"1,014",91%,-0.94,MI
Leelanau,,170,84%,0.3,MI
Lenawee,,"1,104",89%,-0.73,MI
Livingston,,"2,376",90%,-0.91,MI
Luce,,40,90%,-0.83,MI
Mackinac,,85,92%,-1.14,MI
Macomb,,"9,913",86%,-0.15,MI
Manistee,,490,56%,5.17,MI
Marquette,,583,85%,0.06,MI
Mason,,349,86%,-0.18,MI
Mecosta,,480,80%,0.88,MI
Menominee,,263,87%,-0.25,MI
Midland,,969,89%,-0.63,MI
Missaukee,,139,81%,0.81,MI
Monroe,,"1,592",88%,-0.48,MI
Montcalm,,813,88%,-0.49,MI
Montmorency,,50,76%,1.61,MI
Muskegon,,"1,976",81%,0.8,MI
Newaygo,,504,84%,0.26,MI
Oakland,,"14,553",90%,-0.78,MI
Oceana,,198,93%,-1.34,MI
Ogemaw,,169,76%,1.55,MI
Ontonagon,,48,92%,-1.12,MI
Osceola,,270,89%,-0.57,MI
Oscoda,,67,78%,1.33,MI
Otsego,,261,82%,0.63,MI
Ottawa,,"3,215",92%,-1.12,MI
Presque Isle,,128,87%,-0.26,MI
Roscommon,,227,82%,0.5,MI
Saginaw,,"2,113",84%,0.25,MI
Sanilac,,498,88%,-0.51,MI
Schoolcraft,,89,90%,-0.81,MI
Shiawassee,,882,87%,-0.26,MI
St. Clair,,"2,260",82%,0.5,MI
St. Joseph,,693,89%,-0.64,MI
Tuscola,,691,84%,0.25,MI
Van Buren,,"1,126",83%,0.34,MI
Washtenaw,,"3,526",88%,-0.55,MI
Wayne,,"19,703",83%,0.33,MI
Wexford,,367,79%,1.08,MI
Aitkin,,154,92%,-0.65,MN
Anoka,,"4,444",80%,0.75,MN
Becker,,349,86%,0,MN
Beltrami,,609,66%,2.48,MN
Benton,,452,90%,-0.47,MN
Big Stone,,76,93%,-0.88,MN
Blue Earth,,799,86%,0.02,MN
Brown,,283,86%,0.09,MN
Carlton,,478,89%,-0.35,MN
Carver,,"1,271",92%,-0.73,MN
Cass,,323,72%,1.78,MN
Chippewa,,245,66%,2.49,MN
Chisago,,637,83%,0.36,MN
Clay,,755,80%,0.82,MN
Clearwater,,99,82%,0.55,MN
Cook,,42,90%,-0.52,MN
Cottonwood,,156,90%,-0.43,MN
Crow Wing,,737,81%,0.6,MN
Dakota,,"5,830",85%,0.15,MN
Dodge,,243,95%,-1.14,MN
Douglas,,431,84%,0.34,MN
Faribault,,161,81%,0.6,MN
Fillmore,,198,93%,-0.89,MN
Freeborn,,290,82%,0.52,MN
Goodhue,,588,87%,-0.12,MN
Grant,,67,96%,-1.14,MN
Hennepin,,"13,395",78%,1.05,MN
Houston,,431,66%,2.51,MN
Hubbard,,186,76%,1.29,MN
Isanti,,447,84%,0.26,MN
Itasca,,540,88%,-0.21,MN
Jackson,,128,98%,-1.41,MN
Kanabec,,179,92%,-0.73,MN
Kandiyohi,,450,71%,1.9,MN
Kittson,,52,90%,-0.51,MN
Koochiching,,151,88%,-0.22,MN
Lac qui Parle,,73,96%,-1.19,MN
Lake,,127,91%,-0.63,MN
Lake of the Woods,,34,88%,-0.24,MN
Le Sueur,,315,86%,0.07,MN
Lincoln,,42,86%,0.07,MN
Lyon,,358,86%,0.03,MN
Mahnomen,(Click for info),95,51%,3,MN
Marshall,,89,97%,-1.28,MN
Martin,,197,90%,-0.44,MN
McLeod,,401,88%,-0.25,MN
Meeker,,274,93%,-0.79,MN
Mille Lacs,,490,78%,1.02,MN
Morrison,,426,90%,-0.48,MN
Mower,,442,76%,1.24,MN
Murray,,82,98%,-1.39,MN
Nicollet,,161,84%,0.22,MN
Nobles,,323,75%,1.4,MN
Norman,,75,93%,-0.87,MN
Olmsted,,"1,737",85%,0.17,MN
Otter Tail,,688,82%,0.47,MN
Pennington,,218,91%,-0.62,MN
Pine,,269,83%,0.41,MN
Pipestone,,110,86%,-0.01,MN
Polk,,383,89%,-0.34,MN
Pope,,76,91%,-0.56,MN
Ramsey,,"6,597",77%,1.13,MN
Red Lake,,51,94%,-0.97,MN
Redwood,,182,93%,-0.81,MN
Renville,,126,91%,-0.62,MN
Rice,,729,79%,0.84,MN
Rock,,132,94%,-0.95,MN
Roseau,,189,90%,-0.46,MN
Scott,,"1,917",86%,-0.01,MN
Sherburne,,"1,117",89%,-0.39,MN
Sibley,,165,87%,-0.05,MN
St. Louis,,"1,975",79%,0.85,MN
Stearns,,"1,992",86%,0.03,MN
Steele,,485,89%,-0.37,MN
Stevens,,129,100%,-1.7,MN
Swift,,127,96%,-1.21,MN
Todd,,229,91%,-0.62,MN
Traverse,,37,95%,-1.03,MN
Wabasha,,268,90%,-0.41,MN
Wadena,,230,84%,0.29,MN
Waseca,,287,87%,-0.1,MN
Washington,,"3,449",90%,-0.46,MN
Watonwan,,136,85%,0.12,MN
Wilkin,,87,89%,-0.28,MN
Winona,,438,87%,-0.03,MN
Wright,,"1,998",90%,-0.43,MN
Yellow Medicine,,97,94%,-0.93,MN
Adams,,219,80%,0.6,MS
Alcorn,,398,88%,-1.07,MS
Amite,,,,0,MS
Attala,,240,83%,0.07,MS
Benton,,115,78%,1.14,MS
Bolivar,,422,82%,0.13,MS
Calhoun,,184,88%,-1,MS
Carroll,,80,83%,0.07,MS
Chickasaw,,203,84%,-0.3,MS
Choctaw,,97,73%,2.21,MS
Claiborne,,94,88%,-1,MS
Clarke,,201,83%,0.04,MS
Clay,,198,88%,-1,MS
Coahoma,,304,74%,1.94,MS
Copiah,,295,79%,0.8,MS
Covington,,204,80%,0.6,MS
DeSoto,,"2,457",89%,-1.32,MS
Forrest,,763,80%,0.7,MS
Franklin,,102,83%,0.07,MS
George,,307,89%,-1.32,MS
Greene,,169,88%,-1,MS
Grenada,,262,83%,0.07,MS
Hancock,,442,83%,0,MS
Harrison,,"2,089",85%,-0.52,MS
Hinds,,"2,786",74%,1.81,MS
Holmes,,253,76%,1.46,MS
Humphreys,,119,83%,0.07,MS
Issaquena,,,,NR,MS
Itawamba,,247,84%,-0.25,MS
Jackson,,"1,755",87%,-0.99,MS
Jasper,,197,83%,-0.08,MS
Jefferson,,94,88%,-1,MS
Jefferson Davis,,105,83%,0.07,MS
Jones,,804,85%,-0.5,MS
Kemper,,88,93%,-2.07,MS
Lafayette,,496,87%,-0.89,MS
Lamar,,721,92%,-1.88,MS
Lauderdale,,819,82%,0.23,MS
Lawrence,,156,83%,0.07,MS
Leake,,168,78%,1.14,MS
Lee,,"1,153",84%,-0.25,MS
Leflore,,345,75%,1.67,MS
Lincoln,,504,81%,0.33,MS
Lowndes,,814,88%,-1.03,MS
Madison,,"1,148",85%,-0.38,MS
Marion,,259,82%,0.14,MS
Marshall,,297,81%,0.41,MS
Monroe,,403,88%,-1.02,MS
Montgomery,,95,84%,-0.25,MS
Neshoba,,401,80%,0.52,MS
Newton,,292,84%,-0.26,MS
Noxubee,,144,73%,2.21,MS
Oktibbeha,,243,90%,-1.54,MS
Panola,,343,85%,-0.52,MS
Pearl River,,646,85%,-0.51,MS
Perry,,143,77%,1.35,MS
Pike,,512,80%,0.53,MS
Pontotoc,,385,82%,0.25,MS
Prentiss,,256,88%,-1,MS
Quitman,,86,83%,0.07,MS
Rankin,,"1,636",89%,-1.37,MS
Scott,,332,84%,-0.25,MS
Sharkey,,63,83%,0.07,MS
Simpson,,254,81%,0.39,MS
Smith,,182,88%,-1,MS
Stone,,169,88%,-1,MS
Sunflower,,257,77%,1.25,MS
Tallahatchie,,140,90%,-1.43,MS
Tate,,334,82%,0.27,MS
Tippah,,291,83%,-0.02,MS
Tishomingo,,264,84%,-0.25,MS
Tunica,,139,88%,-1,MS
Union,,353,83%,0,MS
Walthall,,144,78%,1.14,MS
Warren,,623,72%,2.32,MS
Washington,,536,77%,1.22,MS
Wayne,,236,79%,0.82,MS
Webster,,127,88%,-1,MS
Wilkinson,,79,78%,1.14,MS
Winston,,192,83%,0.07,MS
Yalobusha,,114,87%,-0.83,MS
Yazoo,,266,75%,1.73,MS
Adair,,240,91%,0.36,MO
Andrew,,215,95%,-0.36,MO
Atchison,,47,98%,-0.96,MO
Audrain,,212,87%,1.26,MO
Barry,,492,94%,-0.13,MO
Barton,,146,87%,1.22,MO
Bates,,166,93%,0.06,MO
Benton,,208,95%,-0.43,MO
Bollinger,,144,99%,-1.11,MO
Boone,,"1,608",91%,0.39,MO
Buchanan,,858,89%,0.83,MO
Butler,,497,93%,0.02,MO
Caldwell,,86,97%,-0.69,MO
Callaway,,391,90%,0.71,MO
Camden,,399,94%,-0.13,MO
Cape Girardeau,,711,90%,0.56,MO
Carroll,,126,100%,-1.39,MO
Carter,,92,95%,-0.3,MO
Cass,,"1,341",91%,0.49,MO
Cedar,,160,89%,0.87,MO
Chariton,,88,92%,0.2,MO
Christian,,"1,079",95%,-0.44,MO
Clark,,66,97%,-0.78,MO
Clay,,"2,995",96%,-0.6,MO
Clinton,,311,93%,0.03,MO
Cole,,"1,039",80%,2.68,MO
Cooper,,184,94%,-0.19,MO
Crawford,,213,92%,0.12,MO
Dade,,83,95%,-0.42,MO
Dallas,,117,95%,-0.36,MO
Daviess,,89,96%,-0.49,MO
DeKalb,,53,94%,-0.26,MO
Dent,,134,96%,-0.64,MO
Douglas,,88,92%,0.2,MO
Dunklin,,344,91%,0.36,MO
Franklin,,"1,159",88%,0.94,MO
Gasconade,,218,95%,-0.47,MO
Gentry,,72,100%,-1.39,MO
Greene,,"2,685",91%,0.47,MO
Grundy,,100,93%,0.01,MO
Harrison,,68,97%,-0.8,MO
Henry,,171,90%,0.6,MO
Hickory,,97,98%,-0.98,MO
Holt,,36,97%,-0.83,MO
Howard,,100,89%,0.81,MO
Howell,,334,95%,-0.43,MO
Iron,,123,100%,-1.39,MO
Jackson,,"7,212",89%,0.89,MO
Jasper,,"1,408",89%,0.89,MO
Jefferson,,"2,695",92%,0.16,MO
Johnson,,504,95%,-0.4,MO
Knox,,53,96%,-0.63,MO
Laclede,,411,96%,-0.61,MO
Lafayette,,399,94%,-0.23,MO
Lawrence,,414,91%,0.5,MO
Lewis,,106,96%,-0.63,MO
Lincoln,,699,95%,-0.3,MO
Linn,,166,93%,-0.06,MO
Livingston,,154,98%,-1,MO
Macon,,171,88%,0.95,MO
Madison,,164,93%,0.08,MO
Maries,,91,91%,0.37,MO
Marion,,363,96%,-0.51,MO
McDonald,,267,92%,0.26,MO
Mercer,,47,98%,-0.96,MO
Miller,,375,89%,0.85,MO
Mississippi,,121,98%,-0.89,MO
Moniteau,,169,95%,-0.32,MO
Monroe,,106,95%,-0.44,MO
Montgomery,,112,91%,0.4,MO
Morgan,,123,97%,-0.74,MO
New Madrid,,184,97%,-0.85,MO
Newton,,666,90%,0.54,MO
Nodaway,,222,98%,-0.94,MO
Oregon,,137,95%,-0.37,MO
Osage,,168,98%,-0.91,MO
Ozark,,96,96%,-0.55,MO
Pemiscot,,248,95%,-0.42,MO
Perry,,181,81%,2.49,MO
Pettis,,472,96%,-0.54,MO
Phelps,,489,92%,0.25,MO
Pike,,163,90%,0.58,MO
Platte,,"1,203",94%,-0.24,MO
Polk,,409,92%,0.13,MO
Pulaski,,597,93%,-0.05,MO
Putnam,,49,92%,0.25,MO
Ralls,,56,98%,-1.03,MO
Randolph,,273,88%,1.03,MO
Ray,,243,95%,-0.32,MO
Reynolds,,67,93%,0.11,MO
Ripley,,143,90%,0.71,MO
Saline,,229,90%,0.71,MO
Schuyler,,45,98%,-0.94,MO
Scotland,,43,98%,-0.92,MO
Scott,,442,94%,-0.12,MO
Shannon,,135,91%,0.39,MO
Shelby,,73,89%,0.81,MO
St. Charles,,"4,520",93%,0.05,MO
St. Clair,,91,96%,-0.51,MO
St. Francois,,683,94%,-0.16,MO
St. Louis,,"10,657",91%,0.47,MO
St. Louis City,,"2,921",56%,7.44,MO
Ste. Genevieve,,157,94%,-0.24,MO
Stoddard,,331,96%,-0.54,MO
Stone,,278,95%,-0.38,MO
Sullivan,,87,97%,-0.7,MO
Taney,,544,95%,-0.47,MO
Texas,,281,92%,0.25,MO
Vernon,,224,90%,0.67,MO
Warren,,350,91%,0.39,MO
Washington,,268,94%,-0.27,MO
Wayne,,112,91%,0.4,MO
Webster,,465,91%,0.51,MO
Worth,,25,96%,-0.59,MO
Wright,,228,98%,-0.95,MO
Beaverhead,,100,95%,-0.82,MT
Big Horn,,212,70%,2.13,MT
Blaine,,,83%,0.65,MT
Broadwater,,,83%,0.61,MT
Carbon,,,98%,-1.2,MT
Carter,,,100%,NR,MT
Cascade,,878,84%,0.48,MT
Chouteau,,,97%,-1.06,MT
Custer,,137,84%,0.5,MT
Daniels,,,100%,-1.42,MT
Dawson,,85,89%,-0.15,MT
Deer Lodge,,79,80%,1.01,MT
Fallon,,,95%,-0.87,MT
Fergus,,115,87%,0.16,MT
Flathead,,"1,080",87%,0.16,MT
Gallatin,,858,87%,0.2,MT
Garfield,,,100%,-1.42,MT
Glacier,,184,68%,2.36,MT
Golden Valley,,,89%,NR,MT
Granite,,,96%,-0.98,MT
Hill,,234,72%,1.96,MT
Jefferson,,,80%,0.92,MT
Judith Basin,,,100%,NR,MT
Lake,,322,89%,-0.15,MT
Lewis and Clark,,771,86%,0.27,MT
Liberty,,,92%,NR,MT
Lincoln,,203,91%,-0.3,MT
Madison,,,94%,-0.74,MT
McCone,,,96%,-0.98,MT
Meagher,,,95%,-0.79,MT
Mineral,,,86%,0.29,MT
Missoula,,"1,013",86%,0.23,MT
Musselshell,,,91%,-0.29,MT
Park,,145,93%,-0.6,MT
Petroleum,,,100%,NR,MT
Phillips,,,94%,-0.67,MT
Pondera,,,91%,-0.35,MT
Powder River,,,90%,NR,MT
Powell,,,94%,-0.67,MT
Prairie,,,71%,2,MT
Ravalli,,443,92%,-0.45,MT
Richland,,136,90%,-0.28,MT
Roosevelt,,173,73%,1.84,MT
Rosebud,,,74%,1.7,MT
Sanders,,,92%,-0.51,MT
Sheridan,,,100%,-1.42,MT
Silver Bow,,341,82%,0.69,MT
Stillwater,,,84%,0.53,MT
Sweet Grass,,,95%,-0.88,MT
Teton,,,99%,-1.28,MT
Toole,,,89%,-0.12,MT
Treasure,,,90%,NR,MT
Valley,,,87%,0.15,MT
Wheatland,,,95%,-0.82,MT
Wibaux,,,94%,NR,MT
Yellowstone,,"1,585",85%,0.41,MT
Adams,,372,91%,0.31,NE
Antelope,,77,96%,-0.45,NE
Arthur,,,,NR,NE
Banner,,,,NR,NE
Blaine,,,,NR,NE
Boone,,85,99%,-0.89,NE
Box Butte,,134,89%,0.67,NE
Boyd,,20,100%,-1.07,NE
Brown,,42,98%,-0.76,NE
Buffalo,,573,94%,-0.16,NE
Burt,,105,92%,0.11,NE
Butler,,90,92%,0.12,NE
Cass,,293,92%,0.23,NE
Cedar,,91,95%,-0.23,NE
Chase,,52,94%,-0.14,NE
Cherry,,60,97%,-0.57,NE
Cheyenne,,125,97%,-0.62,NE
Clay,,85,93%,0.02,NE
Colfax,,164,88%,0.78,NE
Cuming,,121,98%,-0.82,NE
Custer,,135,95%,-0.3,NE
Dakota,,312,89%,0.6,NE
Dawes,(Click for info),170,52%,3,NE
Dawson,,361,93%,-0.02,NE
Deuel,,36,92%,0.2,NE
Dixon,,52,96%,-0.45,NE
Dodge,,454,89%,0.7,NE
Douglas,,"5,998",86%,1.06,NE
Dundy,,23,87%,NR,NE
Fillmore,,74,81%,1.84,NE
Franklin,,25,84%,1.4,NE
Frontier,,39,97%,-0.68,NE
Furnas,,78,95%,-0.24,NE
Gage,,241,92%,0.17,NE
Garden,,18,100%,-1.07,NE
Garfield,,31,97%,-0.61,NE
Gosper,,18,83%,1.55,NE
Grant,,10,100%,NR,NE
Greeley,,29,97%,-0.61,NE
Hall,,856,90%,0.47,NE
Hamilton,,125,98%,-0.72,NE
Harlan,,20,100%,-1.07,NE
Hayes,,,,NR,NE
Hitchcock,,11,100%,-1.07,NE
Holt,,100,96%,-0.46,NE
Hooker,,16,100%,NR,NE
Howard,,75,100%,-1.07,NE
Jefferson,,107,93%,-0.06,NE
Johnson,,65,86%,1.1,NE
Kearney,,108,96%,-0.5,NE
Keith,,86,92%,0.17,NE
Keya Paha,,,,NR,NE
Kimball,,40,98%,-0.76,NE
Knox,,110,94%,-0.21,NE
Lancaster,,"2,953",85%,1.3,NE
Lincoln,,408,90%,0.44,NE
Logan,,16,100%,NR,NE
Loup,,,,NR,NE
Madison,,428,92%,0.16,NE
McPherson,,,,NR,NE
Merrick,,73,89%,0.67,NE
Morrill,,65,94%,-0.07,NE
Nance,,71,99%,-0.89,NE
Nemaha,,79,92%,0.14,NE
Nuckolls,,49,92%,0.23,NE
Otoe,,201,92%,0.11,NE
Pawnee,,41,90%,0.46,NE
Perkins,,28,100%,-1.07,NE
Phelps,,130,93%,-0.01,NE
Pierce,,101,98%,-0.74,NE
Platte,,397,87%,0.92,NE
Polk,,90,95%,-0.25,NE
Red Willow,,123,98%,-0.81,NE
Richardson,,87,89%,0.67,NE
Rock,,14,100%,-1.07,NE
Saline,,188,95%,-0.23,NE
Sarpy,,"2,307",91%,0.25,NE
Saunders,,190,94%,-0.19,NE
Scotts Bluff,,410,90%,0.41,NE
Seward,,216,95%,-0.31,NE
Sheridan,,47,94%,-0.1,NE
Sherman,,20,95%,-0.3,NE
Sioux,,,,NR,NE
Stanton,,37,100%,-1.07,NE
Thayer,,62,95%,-0.28,NE
Thomas,,10,100%,NR,NE
Thurston,,133,85%,1.28,NE
Valley,,53,98%,-0.73,NE
Washington,,269,95%,-0.32,NE
Wayne,,102,92%,0.15,NE
Webster,,43,97%,-0.67,NE
Wheeler,,,,NR,NE
York,,158,95%,-0.34,NE
Carson City,,"2,136",71%,1.62,NV
Churchill,,273,73%,1.33,NV
Clark,,"24,197",83%,0.12,NV
Douglas,,497,88%,-0.4,NV
Elko,,721,88%,-0.52,NV
Esmeralda,,,,NR,NV
Eureka,,18,100%,NR,NV
Humboldt,,238,89%,-0.64,NV
Lander,,65,92%,-0.99,NV
Lincoln,,79,86%,-0.23,NV
Lyon,,591,84%,0.08,NV
Mineral,,32,84%,-0.02,NV
Nye,,435,79%,0.6,NV
Pershing,,42,100%,-1.92,NV
Storey,,32,91%,-0.78,NV
Washoe,,"4,681",84%,0.02,NV
White Pine,,133,70%,1.74,NV
Belknap,,692,88%,0.42,NH
Carroll,,413,94%,-1.12,NH
Cheshire,,578,89%,0.06,NH
Coos,,314,92%,-0.75,NH
Grafton,,863,95%,-1.36,NH
Hillsborough,,"4,801",88%,0.47,NH
Merrimack,,"1,298",88%,0.47,NH
Rockingham,,"3,456",93%,-0.93,NH
Strafford,,"1,073",86%,1.15,NH
Sullivan,,387,84%,1.59,NH
Atlantic,,"3,422",90%,0.16,NJ
Bergen,,"10,446",95%,-1.11,NJ
Burlington,,"5,549",93%,-0.68,NJ
Camden,,"6,118",88%,0.8,NJ
Cape May,,998,88%,0.77,NJ
Cumberland,,"1,863",81%,2.44,NJ
Essex,,"8,614",87%,0.96,NJ
Gloucester,,"3,808",93%,-0.68,NJ
Hudson,,"5,800",85%,1.39,NJ
Hunterdon,,"1,791",96%,-1.48,NJ
Mercer,,"4,669",90%,0.26,NJ
Middlesex,,"9,470",90%,0.06,NJ
Monmouth,,"8,081",94%,-0.84,NJ
Morris,,"6,385",95%,-1.05,NJ
Ocean,,"5,625",91%,-0.05,NJ
Passaic,,"5,997",90%,0.28,NJ
Salem,,851,87%,0.87,NJ
Somerset,,"4,395",94%,-0.93,NJ
Sussex,,"1,890",95%,-1.07,NJ
Union,,"6,901",88%,0.59,NJ
Warren,,"1,406",93%,-0.7,NJ
Bernalillo,,"7,396",68%,1.25,NM
Catron,,,85%,-1.17,NM
Chaves,,872,67%,1.39,NM
Cibola,,337,68%,1.2,NM
Colfax,,,81%,-0.56,NM
Curry,,640,78%,-0.15,NM
De Baca,,,88%,-1.56,NM
Dona Ana,,"2,949",83%,-0.8,NM
Eddy,,798,75%,0.19,NM
Grant,,302,86%,-1.23,NM
Guadalupe,,,87%,-1.38,NM
Harding,,,,NR,NM
Hidalgo,,,86%,-1.31,NM
Lea,,"1,057",86%,-1.21,NM
Lincoln,,238,82%,-0.78,NM
Los Alamos,,297,87%,-1.35,NM
Luna,,371,68%,1.21,NM
McKinley,,"1,261",66%,1.46,NM
Mora,,,73%,0.51,NM
Otero,,626,75%,0.18,NM
Quay,,132,70%,0.89,NM
Rio Arriba,,385,73%,0.56,NM
Roosevelt,,259,81%,-0.58,NM
San Juan,,"2,024",67%,1.41,NM
San Miguel,,284,73%,0.49,NM
Sandoval,,"1,525",77%,-0.07,NM
Santa Fe,,"1,192",68%,1.2,NM
Sierra,,92,85%,-1.17,NM
Socorro,,186,69%,1.09,NM
Taos,,300,73%,0.53,NM
Torrance,,279,79%,-0.3,NM
Union,,,79%,-0.33,NM
Valencia,,978,74%,0.4,NM
Albany,,"3,014",84%,0.09,NY
Allegany,,502,88%,-0.57,NY
Bronx,,"14,750",68%,3.32,NY
Broome,,"2,205",83%,0.37,NY
Cattaraugus,,"1,041",85%,-0.02,NY
Cayuga,,762,83%,0.35,NY
Chautauqua,,"1,521",83%,0.27,NY
Chemung,,904,76%,1.74,NY
Chenango,,584,85%,-0.07,NY
Clinton,,866,87%,-0.42,NY
Columbia,,583,83%,0.39,NY
Cortland,,519,88%,-0.57,NY
Delaware,,460,87%,-0.48,NY
Dutchess,,"3,404",86%,-0.15,NY
Erie,,"9,873",84%,0.16,NY
Essex,,292,91%,-1.19,NY
Franklin,,574,86%,-0.22,NY
Fulton,,629,78%,1.31,NY
Genesee,,671,91%,-1.24,NY
Greene,,455,87%,-0.41,NY
Hamilton,,26,96%,-2.15,NY
Herkimer,,735,85%,-0.03,NY
Jefferson,,"1,235",86%,-0.16,NY
Kings,,"21,688",74%,1.99,NY
Lewis,,300,92%,-1.3,NY
Livingston,,653,89%,-0.84,NY
Madison,,790,86%,-0.15,NY
Monroe,,"8,449",83%,0.36,NY
Montgomery,,609,76%,1.69,NY
Nassau,,"16,554",91%,-1.12,NY
New York,,"16,235",75%,1.98,NY
Niagara,,"2,431",85%,0.01,NY
Oneida,,"2,685",84%,0.22,NY
Onondaga,,"5,617",84%,0.15,NY
Ontario,,"1,264",90%,-0.95,NY
Orange,,"4,981",87%,-0.4,NY
Orleans,,468,89%,-0.85,NY
Oswego,,"1,586",84%,0.16,NY
Otsego,,587,86%,-0.28,NY
Putnam,,"1,253",93%,-1.55,NY
Queens,,"19,467",78%,1.34,NY
Rensselaer,,"1,636",86%,-0.31,NY
Richmond,,"4,707",80%,0.99,NY
Rockland,,"3,248",85%,0.07,NY
Saratoga,,"2,742",91%,-1.15,NY
Schenectady,,"1,764",78%,1.35,NY
Schoharie,,339,83%,0.38,NY
Schuyler,,126,90%,-0.92,NY
Seneca,,351,83%,0.43,NY
St. Lawrence,,"1,037",85%,0.02,NY
Steuben,,"1,236",86%,-0.31,NY
Suffolk,,"20,346",90%,-0.89,NY
Sullivan,,742,78%,1.23,NY
Tioga,,612,87%,-0.39,NY
Tompkins,,892,83%,0.41,NY
Ulster,,"1,842",86%,-0.25,NY
Warren,,753,88%,-0.68,NY
Washington,,690,80%,1.02,NY
Wayne,,"1,164",87%,-0.44,NY
Westchester,,"11,163",90%,-0.89,NY
Wyoming,,339,94%,-1.7,NY
Yates,,214,79%,1.22,NY
Alamance,,"1,945",81%,0.91,NC
Alexander,,403,85%,0.19,NC
Alleghany,,100,92%,-1.13,NC
Anson,,282,84%,0.46,NC
Ashe,,220,87%,-0.13,NC
Avery,,166,94%,-1.51,NC
Beaufort,,585,83%,0.61,NC
Bertie,,201,84%,0.38,NC
Bladen,,390,90%,-0.65,NC
Brunswick,,"1,104",84%,0.34,NC
Buncombe,,"2,312",88%,-0.37,NC
Burke,,"1,112",89%,-0.46,NC
Cabarrus,,"3,034",89%,-0.52,NC
Caldwell,,"1,044",89%,-0.46,NC
Camden,,145,83%,0.51,NC
Carteret,,717,85%,0.17,NC
Caswell,,210,84%,0.34,NC
Catawba,,"1,946",92%,-1.05,NC
Chatham,,703,86%,0.04,NC
Cherokee,,303,92%,-1.2,NC
Chowan,,157,89%,-0.59,NC
Clay,,102,86%,-0.04,NC
Cleveland,,"1,213",88%,-0.36,NC
Columbus,,676,84%,0.39,NC
Craven,,"1,069",86%,-0.02,NC
Cumberland,,"4,073",82%,0.78,NC
Currituck,,315,87%,-0.12,NC
Dare,,372,91%,-1.01,NC
Davidson,,"2,017",87%,-0.19,NC
Davie,,498,87%,-0.23,NC
Duplin,,723,81%,0.91,NC
Durham,,"2,878",82%,0.88,NC
Edgecombe,,490,77%,1.68,NC
Forsyth,,"4,572",84%,0.32,NC
Franklin,,663,86%,0.02,NC
Gaston,,"2,567",86%,0.09,NC
Gates,,129,93%,-1.32,NC
Graham,,103,85%,0.13,NC
Granville,,657,81%,0.91,NC
Greene,,253,95%,-1.68,NC
Guilford,,"6,055",89%,-0.63,NC
Halifax,,558,75%,2.02,NC
Harnett,,"1,549",86%,-0.02,NC
Haywood,,586,85%,0.15,NC
Henderson,,"1,064",91%,-1.01,NC
Hertford,,235,86%,0.11,NC
Hoke,,624,82%,0.84,NC
Hyde,,33,91%,-0.92,NC
Iredell,,"2,337",89%,-0.61,NC
Jackson,,314,92%,-1.13,NC
Johnston,,"2,668",92%,-1.09,NC
Jones,,92,98%,-2.17,NC
Lee,,793,89%,-0.55,NC
Lenoir,,636,85%,0.28,NC
Lincoln,,998,90%,-0.73,NC
Macon,,330,91%,-0.97,NC
Madison,,209,87%,-0.1,NC
Martin,,259,70%,3.16,NC
McDowell,,514,85%,0.17,NC
Mecklenburg,,"11,064",85%,0.19,NC
Mitchell,,166,85%,0.23,NC
Montgomery,,309,90%,-0.67,NC
Moore,,"1,112",89%,-0.63,NC
Nash,,"1,298",83%,0.63,NC
New Hanover,,"2,238",86%,0.02,NC
Northampton,(Click for info),145,63%,3,NC
Onslow,,"1,866",89%,-0.54,NC
Orange,,"1,541",88%,-0.44,NC
Pamlico,,119,87%,-0.25,NC
Pasquotank,,440,83%,0.65,NC
Pender,,723,90%,-0.65,NC
Perquimans,,129,90%,-0.73,NC
Person,,347,87%,-0.23,NC
Pitt,,"1,826",85%,0.27,NC
Polk,,187,92%,-1.13,NC
Randolph,,"1,709",90%,-0.77,NC
Richmond,,559,81%,0.97,NC
Robeson,,"1,840",86%,0,NC
Rockingham,,"1,051",86%,0.08,NC
Rowan,,"1,610",85%,0.3,NC
Rutherford,,703,84%,0.38,NC
Sampson,,933,83%,0.5,NC
Scotland,,473,87%,-0.19,NC
Stanly,,595,89%,-0.5,NC
Stokes,,528,83%,0.53,NC
Surry,,914,91%,-1,NC
Swain,,145,79%,1.3,NC
Transylvania,,300,86%,0.08,NC
Tyrrell,,47,89%,-0.63,NC
Union,,"3,445",93%,-1.24,NC
Vance,,536,82%,0.76,NC
Wake,,"12,209",89%,-0.57,NC
Warren,,181,71%,2.82,NC
Washington,,131,73%,2.59,NC
Watauga,,366,90%,-0.67,NC
Wayne,,"1,520",83%,0.69,NC
Wilkes,,828,88%,-0.34,NC
Wilson,,994,79%,1.45,NC
Yadkin,,452,88%,-0.29,NC
Yancey,,200,92%,-1.13,NC
Adams,,,,0,ND
Barnes,,91,88%,-0.9,ND
Benson,,,,0,ND
Billings,,,,NR,ND
Bottineau,,,,0,ND
Bowman,,,,0,ND
Burke,,,,0,ND
Burleigh,,898,88%,-0.83,ND
Cass,,"1,613",86%,-0.37,ND
Cavalier,,,,0,ND
Dickey,,,,0,ND
Divide,,,,0,ND
Dunn,,,,0,ND
Eddy,,,,0,ND
Emmons,,,,0,ND
Foster,,,,0,ND
Golden Valley,,,,0,ND
Grand Forks,,692,86%,-0.3,ND
Grant,,,,0,ND
Griggs,,,,0,ND
Hettinger,,,,0,ND
Kidder,,,,0,ND
LaMoure,,,,0,ND
Logan,,,,0,ND
McHenry,,,,0,ND
McIntosh,,,,0,ND
McKenzie,,114,82%,0.56,ND
McLean,,,,0,ND
Mercer,,,,0,ND
Morton,,363,82%,0.47,ND
Mountrail,,,,0,ND
Nelson,,,,0,ND
Oliver,,,,NR,ND
Pembina,,,,0,ND
Pierce,,,,0,ND
Ramsey,,126,88%,-0.74,ND
Ransom,,,,0,ND
Renville,,,,0,ND
Richland,,173,80%,0.96,ND
Rolette,,328,74%,2.5,ND
Sargent,,,,0,ND
Sheridan,,,,NR,ND
Sioux,,,,0,ND
Slope,,,,NR,ND
Stark,,304,87%,-0.58,ND
Steele,,,,0,ND
Stutsman,,207,86%,-0.5,ND
Towner,,,,0,ND
Traill,,,,0,ND
Walsh,,,,0,ND
Ward,,622,88%,-0.97,ND
Wells,,,,0,ND
Williams,,343,81%,0.7,ND
Adams,,360,92%,0.04,OH
Allen,,"1,241",85%,2.27,OH
Ashland,,505,94%,-0.52,OH
Ashtabula,,"1,082",88%,1.34,OH
Athens,,538,92%,0.16,OH
Auglaize,,562,97%,-1.42,OH
Belmont,,685,89%,0.88,OH
Brown,,578,94%,-0.38,OH
Butler,,"4,200",90%,0.58,OH
Carroll,,240,91%,0.34,OH
Champaign,,525,91%,0.34,OH
Clark,,"1,616",88%,1.47,OH
Clermont,,"2,083",94%,-0.4,OH
Clinton,,591,88%,1.23,OH
Columbiana,,"1,043",93%,-0.32,OH
Coshocton,,393,93%,-0.32,OH
Crawford,,484,94%,-0.57,OH
Cuyahoga,,"11,452",86%,1.83,OH
Darke,,658,97%,-1.32,OH
Defiance,,497,97%,-1.29,OH
Delaware,,"2,122",96%,-1.2,OH
Erie,,869,94%,-0.51,OH
Fairfield,,"1,912",94%,-0.63,OH
Fayette,,337,91%,0.29,OH
Franklin,,"11,938",89%,1.16,OH
Fulton,,618,93%,-0.21,OH
Gallia,,339,86%,2.08,OH
Geauga,,906,96%,-1.16,OH
Greene,,"1,661",92%,-0.02,OH
Guernsey,,382,87%,1.75,OH
Hamilton,,"7,496",87%,1.72,OH
Hancock,,861,93%,-0.31,OH
Hardin,,341,94%,-0.55,OH
Harrison,,155,88%,1.21,OH
Henry,,377,95%,-0.72,OH
Highland,,551,92%,0.16,OH
Hocking,,307,95%,-0.85,OH
Holmes,,264,94%,-0.49,OH
Huron,,737,96%,-1.05,OH
Jackson,,400,94%,-0.58,OH
Jefferson,,662,93%,-0.12,OH
Knox,,615,93%,-0.25,OH
Lake,,"2,453",92%,0.24,OH
Lawrence,,681,95%,-0.95,OH
Licking,,"1,981",92%,0.1,OH
Logan,,542,96%,-1.27,OH
Lorain,,"3,244",90%,0.85,OH
Lucas,,"3,591",84%,2.46,OH
Madison,,451,95%,-0.92,OH
Mahoning,,"2,284",90%,0.66,OH
Marion,,634,90%,0.8,OH
Medina,,"2,353",95%,-0.66,OH
Meigs,,259,88%,1.2,OH
Mercer,,655,96%,-1.13,OH
Miami,,"1,199",95%,-0.81,OH
Monroe,,190,92%,0.08,OH
Montgomery,,"4,989",88%,1.37,OH
Morgan,,156,87%,1.78,OH
Morrow,,394,93%,-0.32,OH
Muskingum,,"1,035",94%,-0.36,OH
Noble,,133,96%,-1.19,OH
Ottawa,,454,96%,-1.13,OH
Paulding,,231,97%,-1.41,OH
Perry,,430,91%,0.36,OH
Pickaway,,739,93%,-0.15,OH
Pike,,367,89%,1,OH
Portage,,"1,654",92%,-0.01,OH
Preble,,512,93%,-0.31,OH
Putnam,,479,97%,-1.57,OH
Richland,,"1,246",90%,0.73,OH
Ross,,853,90%,0.85,OH
Sandusky,,666,96%,-1.19,OH
Scioto,,816,95%,-0.92,OH
Seneca,,499,94%,-0.38,OH
Shelby,,641,92%,0.14,OH
Stark,,"4,370",92%,0.19,OH
Summit,,"5,416",90%,0.74,OH
Trumbull,,"2,220",91%,0.43,OH
Tuscarawas,,"1,211",86%,2.08,OH
Union,,601,95%,-0.86,OH
Van Wert,,271,94%,-0.53,OH
Vinton,,159,89%,1.12,OH
Warren,,"2,736",97%,-1.31,OH
Washington,,697,92%,0.07,OH
Wayne,,"1,211",95%,-0.8,OH
Williams,,487,94%,-0.58,OH
Wood,,"1,341",96%,-1.25,OH
Wyandot,,261,95%,-0.93,OH
Adair,,287,83%,0.28,OK
Alfalfa,,,,0,OK
Atoka,,165,80%,0.86,OK
Beaver,,,,0,OK
Beckham,,272,86%,-0.52,OK
Blaine,,,,0,OK
Bryan,,494,84%,-0.03,OK
Caddo,,512,85%,-0.23,OK
Canadian,,"1,786",93%,-1.99,OK
Carter,,656,85%,-0.32,OK
Cherokee,,507,86%,-0.51,OK
Choctaw,,190,80%,0.9,OK
Cimarron,,,,0,OK
Cleveland,,"3,086",86%,-0.36,OK
Coal,,,,0,OK
Comanche,,"1,601",77%,1.58,OK
Cotton,,,,0,OK
Craig,,248,82%,0.42,OK
Creek,,886,86%,-0.45,OK
Custer,,367,92%,-1.69,OK
Delaware,,415,90%,-1.22,OK
Dewey,,,,0,OK
Ellis,,,,0,OK
Garfield,,746,84%,0.08,OK
Garvin,,392,84%,-0.05,OK
Grady,,647,85%,-0.25,OK
Grant,,,,0,OK
Greer,,,,0,OK
Harmon,,,,0,OK
Harper,,,,0,OK
Haskell,,155,89%,-1.08,OK
Hughes,,151,87%,-0.61,OK
Jackson,,321,77%,1.67,OK
Jefferson,,,,0,OK
Johnston,,135,78%,1.42,OK
Kay,,554,85%,-0.28,OK
Kingfisher,,292,88%,-0.8,OK
Kiowa,,,,0,OK
Latimer,,126,85%,-0.26,OK
Le Flore,,663,83%,0.26,OK
Lincoln,,393,93%,-1.99,OK
Logan,,343,75%,2.05,OK
Love,,135,85%,-0.26,OK
Major,,,,0,OK
Marshall,,213,83%,0.17,OK
Mayes,,566,81%,0.72,OK
McClain,,513,89%,-1,OK
McCurtain,,512,88%,-0.93,OK
McIntosh,,216,84%,0.05,OK
Murray,,201,82%,0.42,OK
Muskogee,,"1,049",83%,0.31,OK
Noble,,148,90%,-1.23,OK
Nowata,,161,86%,-0.43,OK
Okfuskee,,151,84%,-0.09,OK
Oklahoma,,"9,962",77%,1.51,OK
Okmulgee,,463,82%,0.36,OK
Osage,,229,88%,-0.87,OK
Ottawa,,425,81%,0.69,OK
Pawnee,,177,89%,-1.13,OK
Payne,,730,85%,-0.21,OK
Pittsburg,,582,80%,0.98,OK
Pontotoc,,448,86%,-0.52,OK
Pottawatomie,,902,80%,0.98,OK
Pushmataha,,141,89%,-1.03,OK
Roger Mills,,,,0,OK
Rogers,,"1,099",86%,-0.42,OK
Seminole,,371,82%,0.54,OK
Sequoyah,,577,81%,0.6,OK
Stephens,,605,84%,0.03,OK
Texas,,373,70%,3.03,OK
Tillman,,,,0,OK
Tulsa,,"8,112",84%,0.11,OK
Wagoner,,482,88%,-0.84,OK
Washington,,812,74%,2.26,OK
Washita,,,,0,OK
Woods,,83,84%,-0.04,OK
Woodward,,247,87%,-0.65,OK
Baker,,342,74%,0.53,OR
Benton,,750,85%,-1.03,OR
Clackamas,,"5,245",82%,-0.69,OR
Clatsop,,413,69%,1.32,OR
Columbia,,658,81%,-0.51,OR
Coos,,953,57%,2.93,OR
Crook,,244,72%,0.8,OR
Curry,,192,70%,1.06,OR
Deschutes,,"2,114",79%,-0.24,OR
Douglas,,"1,228",66%,1.67,OR
Gilliam,,34,88%,-1.53,OR
Grant,,60,85%,-1.06,OR
Harney,,96,84%,-0.97,OR
Hood River,,320,83%,-0.83,OR
Jackson,,"2,169",77%,0.09,OR
Jefferson,,236,74%,0.5,OR
Josephine,,883,70%,1.17,OR
Klamath,,746,73%,0.6,OR
Lake,,84,79%,-0.13,OR
Lane,,"3,779",73%,0.7,OR
Lincoln,,427,78%,-0.01,OR
Linn,,"2,173",75%,0.41,OR
Malheur,,391,83%,-0.75,OR
Marion,,"4,660",76%,0.3,OR
Morrow,,223,79%,-0.25,OR
Multnomah,,"6,724",75%,0.38,OR
Polk,,509,80%,-0.28,OR
Sherman,,26,73%,0.66,OR
Tillamook,,242,81%,-0.48,OR
Umatilla,,"1,054",76%,0.24,OR
Union,,273,86%,-1.16,OR
Wallowa,,73,92%,-2.04,OR
Wasco,,311,74%,0.49,OR
Washington,,"6,539",85%,-1.1,OR
Wheeler,,195,26%,NR,OR
Yamhill,,"1,373",83%,-0.78,OR
Adams,,"1,045",91%,-0.36,PA
Allegheny,,"11,380",91%,-0.24,PA
Armstrong,,657,89%,0.26,PA
Beaver,,"3,750",70%,5,PA
Bedford,,583,92%,-0.46,PA
Berks,,"5,169",87%,0.82,PA
Blair,,"1,420",90%,-0.14,PA
Bradford,,646,91%,-0.31,PA
Bucks,,"7,093",94%,-0.91,PA
Butler,,"2,201",94%,-1.02,PA
Cambria,,"1,362",93%,-0.84,PA
Cameron,,49,90%,0.03,PA
Carbon,,642,90%,-0.03,PA
Centre,,"1,133",92%,-0.42,PA
Chester,,"6,512",91%,-0.25,PA
Clarion,,462,91%,-0.3,PA
Clearfield,,724,90%,-0.03,PA
Clinton,,356,93%,-0.83,PA
Columbia,,779,88%,0.4,PA
Crawford,,822,92%,-0.6,PA
Cumberland,,"2,258",93%,-0.75,PA
Dauphin,,"3,845",80%,2.56,PA
Delaware,,"5,633",89%,0.26,PA
Elk,,270,89%,0.26,PA
Erie,,"2,869",87%,0.65,PA
Fayette,,"1,287",85%,1.32,PA
Forest,,40,90%,-0.02,PA
Franklin,,"1,790",88%,0.38,PA
Fulton,,170,91%,-0.17,PA
Greene,,379,91%,-0.27,PA
Huntingdon,,474,86%,0.9,PA
Indiana,,672,93%,-0.84,PA
Jefferson,,438,93%,-0.8,PA
Juniata,,221,95%,-1.15,PA
Lackawanna,,"2,030",88%,0.47,PA
Lancaster,,"5,197",91%,-0.3,PA
Lawrence,,926,94%,-0.89,PA
Lebanon,,"1,366",85%,1.2,PA
Lehigh,,"3,960",87%,0.63,PA
Luzerne,,"3,244",86%,1.02,PA
Lycoming,,"1,110",90%,-0.04,PA
McKean,,475,90%,-0.05,PA
Mercer,,"1,110",93%,-0.71,PA
Mifflin,,382,90%,0.1,PA
Monroe,,"2,056",93%,-0.68,PA
Montgomery,,"9,665",87%,0.78,PA
Montour,,160,96%,-1.57,PA
Northampton,,"3,693",89%,0.24,PA
Northumberland,,839,88%,0.52,PA
Perry,,467,92%,-0.59,PA
Philadelphia,,"12,514",79%,2.6,PA
Pike,,926,89%,0.29,PA
Potter,,194,87%,0.82,PA
Schuylkill,,"1,183",91%,-0.21,PA
Snyder,,340,90%,0.05,PA
Somerset,,713,92%,-0.45,PA
Sullivan,,50,92%,-0.52,PA
Susquehanna,,470,91%,-0.39,PA
Tioga,,391,87%,0.8,PA
Union,,317,95%,-1.17,PA
Venango,,472,92%,-0.61,PA
Warren,,390,92%,-0.4,PA
Washington,,"2,077",93%,-0.73,PA
Wayne,,348,95%,-1.15,PA
Westmoreland,,"3,774",94%,-1.08,PA
Wyoming,,290,90%,-0.11,PA
York,,"4,622",90%,0.05,PA
Bristol,,456,93%,-0.6,RI
Kent,,"1,437",92%,-0.38,RI
Newport,,649,91%,-0.14,RI
Providence,,"5,877",82%,1.75,RI
Washington,,"1,160",93%,-0.64,RI
Abbeville,,227,88%,-0.69,SC
Aiken,,"1,582",90%,-1.2,SC
Allendale,,91,84%,0.23,SC
Anderson,,"2,369",88%,-0.7,SC
Bamberg,,169,82%,0.51,SC
Barnwell,,253,86%,-0.36,SC
Beaufort,,"1,422",84%,0.11,SC
Berkeley,,"2,173",83%,0.24,SC
Calhoun,,101,90%,-1.23,SC
Charleston,,"3,188",85%,-0.04,SC
Cherokee,,640,84%,0.11,SC
Chester,,359,86%,-0.28,SC
Chesterfield,,387,90%,-1.25,SC
Clarendon,,364,81%,0.72,SC
Colleton,,364,87%,-0.44,SC
Darlington,,824,90%,-1.19,SC
Dillon,,386,88%,-0.84,SC
Dorchester,,"2,031",86%,-0.41,SC
Edgefield,,336,89%,-0.98,SC
Fairfield,,188,91%,-1.42,SC
Florence,,"1,592",85%,-0.19,SC
Georgetown,,689,90%,-1.27,SC
Greenville,,"5,464",87%,-0.6,SC
Greenwood,,875,84%,0.22,SC
Hampton,,232,86%,-0.37,SC
Horry,,"3,209",80%,0.96,SC
Jasper,,200,75%,2.23,SC
Kershaw,,767,85%,-0.04,SC
Lancaster,,900,83%,0.34,SC
Laurens,,674,81%,0.79,SC
Lee,,163,85%,-0.02,SC
Lexington,,"3,705",86%,-0.24,SC
Marion,,354,86%,-0.23,SC
Marlboro,,291,84%,0.23,SC
McCormick,,47,81%,0.82,SC
Newberry,,424,84%,0.13,SC
Oconee,,725,86%,-0.21,SC
Orangeburg,,959,82%,0.55,SC
Pickens,,"1,261",84%,0.13,SC
Richland,,"6,224",70%,3.34,SC
Saluda,,154,73%,2.48,SC
Spartanburg,,"3,432",88%,-0.73,SC
Sumter,,"1,185",84%,0.07,SC
Union,,308,76%,1.98,SC
Williamsburg,,313,86%,-0.24,SC
York,,"3,389",89%,-1.03,SC
Aurora,,34,97%,-0.89,SD
Beadle,,188,79%,0.95,SD
Bennett,,44,84%,0.41,SD
Bon Homme,,86,93%,-0.48,SD
Brookings,,289,88%,0.03,SD
Brown,,416,85%,0.31,SD
Brule,,63,87%,0.09,SD
Buffalo,,,,0,SD
Butte,,103,91%,-0.31,SD
Campbell,,,,0,SD
Charles Mix,,91,81%,0.69,SD
Clark,,35,94%,-0.61,SD
Clay,,79,89%,-0.04,SD
Codington,,348,89%,-0.03,SD
Corson,(Click for info),49,49%,3,SD
Custer,,57,91%,-0.3,SD
Davison,,213,92%,-0.38,SD
Day,,69,90%,-0.16,SD
Deuel,,35,91%,-0.32,SD
Dewey,,75,88%,0.02,SD
Douglas,,27,100%,-1.18,SD
Edmunds,,23,100%,-1.18,SD
Fall River,,90,81%,0.71,SD
Faulk,,18,83%,0.49,SD
Grant,,92,92%,-0.42,SD
Gregory,,43,77%,1.15,SD
Haakon,,25,100%,-1.18,SD
Hamlin,,78,95%,-0.67,SD
Hand,,27,93%,-0.44,SD
Hanson,,50,96%,-0.78,SD
Harding,,22,95%,NR,SD
Hughes,,191,88%,0.03,SD
Hutchinson,,79,92%,-0.42,SD
Hyde,,20,90%,-0.18,SD
Jackson,,25,88%,0.02,SD
Jerauld,,12,83%,NR,SD
Jones,,12,92%,NR,SD
Kingsbury,,78,94%,-0.54,SD
Lake,,188,78%,1.01,SD
Lawrence,,176,94%,-0.61,SD
Lincoln,,420,91%,-0.32,SD
Lyman,,31,97%,-0.86,SD
Marshall,,40,95%,-0.68,SD
McCook,,62,98%,-1.02,SD
McPherson,,10,70%,1.83,SD
Meade,,181,88%,0.04,SD
Mellette,,33,79%,0.95,SD
Miner,,26,100%,-1.18,SD
Minnehaha,,"2,128",88%,0.07,SD
Moody,,55,91%,-0.27,SD
Oglala Lakota,,,,0,SD
Pennington,,"1,227",78%,0.99,SD
Perkins,,38,92%,-0.39,SD
Potter,,31,90%,-0.21,SD
Roberts,,86,83%,0.57,SD
Sanborn,,27,96%,-0.81,SD
Spink,,63,90%,-0.23,SD
Stanley,,30,93%,-0.51,SD
Sully,,24,96%,NR,SD
Todd,(Click for info),117,56%,3,SD
Tripp,,78,88%,-0.02,SD
Turner,,89,91%,-0.28,SD
Union,,182,95%,-0.69,SD
Walworth,,74,96%,-0.77,SD
Yankton,,220,96%,-0.77,SD
Ziebach,,21,62%,2.64,SD
Anderson,,859,92%,0.15,TN
Bedford,,571,91%,0.45,TN
Benton,,166,96%,-0.77,TN
Bledsoe,,124,85%,1.79,TN
Blount,,"1,330",94%,-0.44,TN
Bradley,,"1,186",91%,0.45,TN
Campbell,,460,94%,-0.25,TN
Cannon,,137,93%,0,TN
Carroll,,314,96%,-0.95,TN
Carter,,637,94%,-0.22,TN
Cheatham,,506,90%,0.69,TN
Chester,,210,94%,-0.28,TN
Claiborne,,312,92%,0.25,TN
Clay,,62,100%,-1.82,TN
Cocke,,381,93%,-0.19,TN
Coffee,,721,90%,0.63,TN
Crockett,,210,98%,-1.23,TN
Cumberland,,540,90%,0.62,TN
Davidson,,"5,508",80%,3.13,TN
Decatur,,119,95%,-0.57,TN
DeKalb,,196,95%,-0.68,TN
Dickson,,599,96%,-0.78,TN
Dyer,,487,96%,-0.9,TN
Fayette,,209,90%,0.56,TN
Fentress,,230,95%,-0.63,TN
Franklin,,424,93%,-0.12,TN
Gibson,,654,94%,-0.38,TN
Giles,,346,91%,0.48,TN
Grainger,,254,94%,-0.45,TN
Greene,,784,94%,-0.42,TN
Grundy,,191,94%,-0.26,TN
Hamblen,,645,94%,-0.36,TN
Hamilton,,"3,023",85%,2.02,TN
Hancock,,77,88%,1.09,TN
Hardeman,,259,88%,1.06,TN
Hardin,,249,91%,0.48,TN
Hawkins,,611,97%,-1.09,TN
Haywood,,231,89%,0.98,TN
Henderson,,346,98%,-1.39,TN
Henry,,312,91%,0.49,TN
Hickman,,264,95%,-0.5,TN
Houston,,98,97%,-1.06,TN
Humphreys,,230,91%,0.34,TN
Jackson,,116,86%,1.61,TN
Jefferson,,534,96%,-0.8,TN
Johnson,,171,96%,-0.95,TN
Knox,,"4,366",90%,0.78,TN
Lake,,53,96%,-0.88,TN
Lauderdale,,297,98%,-1.4,TN
Lawrence,,467,95%,-0.49,TN
Lewis,,136,93%,-0.17,TN
Lincoln,,384,95%,-0.46,TN
Loudon,,516,91%,0.3,TN
Macon,,270,88%,1.22,TN
Madison,,993,87%,1.31,TN
Marion,,306,88%,1.27,TN
Marshall,,409,94%,-0.42,TN
Maury,,798,91%,0.46,TN
McMinn,,507,94%,-0.45,TN
McNairy,,297,95%,-0.56,TN
Meigs,,127,97%,-1.04,TN
Monroe,,489,91%,0.32,TN
Montgomery,,"2,210",95%,-0.59,TN
Moore,,62,92%,0.19,TN
Morgan,,272,98%,-1.37,TN
Obion,,384,84%,2.07,TN
Overton,,237,86%,1.65,TN
Perry,,89,97%,-0.98,TN
Pickett,,63,97%,-1.03,TN
Polk,,176,91%,0.3,TN
Putnam,,866,92%,0.08,TN
Rhea,,366,87%,1.38,TN
Roane,,508,95%,-0.7,TN
Robertson,,815,97%,-1.06,TN
Rutherford,,"3,543",95%,-0.66,TN
Scott,,292,96%,-0.8,TN
Sequatchie,,162,86%,1.56,TN
Sevier,,"1,088",89%,0.88,TN
Shelby,,"11,552",80%,3.07,TN
Smith,,208,92%,0.09,TN
Stewart,,153,97%,-1.17,TN
Sullivan,,"1,786",94%,-0.44,TN
Sumner,,"2,099",95%,-0.49,TN
Tipton,,777,97%,-1.15,TN
Trousdale,,96,98%,-1.3,TN
Unicoi,,198,86%,1.7,TN
Union,,209,87%,1.4,TN
Van Buren,,49,90%,0.72,TN
Warren,,499,94%,-0.38,TN
Washington,,"1,330",92%,0.07,TN
Wayne,,164,96%,-0.91,TN
Weakley,,355,92%,0.21,TN
White,,276,94%,-0.29,TN
Williamson,,"2,903",96%,-0.73,TN
Wilson,,"1,572",96%,-0.87,TN
Anderson,,557,94%,-0.22,TX
Andrews,,238,95%,-0.43,TX
Angelina,,"1,256",93%,0.02,TX
Aransas,,222,87%,0.96,TX
Archer,,161,99%,-1.15,TX
Armstrong,,,100%,-1.27,TX
Atascosa,,612,94%,-0.22,TX
Austin,,431,94%,-0.26,TX
Bailey,,82,99%,-1.06,TX
Bandera,,176,94%,-0.29,TX
Bastrop,,"1,130",92%,0.09,TX
Baylor,,,95%,-0.41,TX
Bee,,346,88%,0.77,TX
Bell,,"5,607",78%,2.58,TX
Bexar,,"23,565",88%,0.73,TX
Blanco,,142,97%,-0.72,TX
Borden,,,100%,NR,TX
Bosque,,174,96%,-0.55,TX
Bowie,,"1,183",93%,-0.12,TX
Brazoria,,"4,663",94%,-0.19,TX
Brazos,,"1,953",83%,1.59,TX
Brewster,,,96%,-0.63,TX
Briscoe,,,92%,0.15,TX
Brooks,,107,85%,1.3,TX
Brown,,432,96%,-0.63,TX
Burleson,,190,92%,0.05,TX
Burnet,,510,93%,-0.02,TX
Caldwell,,511,90%,0.41,TX
Calhoun,,316,92%,0.17,TX
Callahan,,150,96%,-0.63,TX
Cameron,,"7,010",91%,0.24,TX
Camp,,181,97%,-0.7,TX
Carson,,,98%,-0.85,TX
Cass,,392,97%,-0.67,TX
Castro,,108,98%,-0.94,TX
Chambers,,522,98%,-0.99,TX
Cherokee,,714,89%,0.7,TX
Childress,,96,90%,0.43,TX
Clay,,,98%,-0.97,TX
Cochran,,,100%,-1.27,TX
Coke,,,92%,0.09,TX
Coleman,,96,89%,0.63,TX
Collin,,"13,698",97%,-0.7,TX
Collingsworth,,,98%,-0.89,TX
Colorado,,269,86%,1.14,TX
Comal,,"2,147",94%,-0.15,TX
Comanche,,148,99%,-1.04,TX
Concho,,,100%,-1.27,TX
Cooke,,409,96%,-0.65,TX
Coryell,,773,93%,-0.1,TX
Cottle,,,100%,-1.27,TX
Crane,,81,91%,0.32,TX
Crockett,,,88%,0.75,TX
Crosby,,,95%,-0.44,TX
Culberson,,,98%,-0.84,TX
Dallam,,137,98%,-0.97,TX
Dallas,,"33,856",84%,1.54,TX
Dawson,,166,96%,-0.6,TX
Deaf Smith,,277,90%,0.53,TX
Delta,,,94%,-0.31,TX
Denton,,"11,075",94%,-0.31,TX
DeWitt,,188,93%,-0.14,TX
Dickens,,,95%,-0.36,TX
Dimmit,,147,83%,1.66,TX
Donley,,,93%,-0.12,TX
Duval,,180,86%,1.13,TX
Eastland,,206,94%,-0.29,TX
Ector,,"1,868",81%,2.02,TX
Edwards,,,96%,-0.63,TX
El Paso,,"13,277",86%,1.18,TX
Ellis,,"2,719",92%,0.07,TX
Erath,,334,59%,5.76,TX
Falls,,,87%,0.91,TX
Fannin,,358,97%,-0.7,TX
Fayette,,255,94%,-0.24,TX
Fisher,,,98%,-0.85,TX
Floyd,,,96%,-0.5,TX
Foard,,,100%,-1.27,TX
Fort Bend,,"13,354",93%,-0.05,TX
Franklin,,110,99%,-1.08,TX
Freestone,,259,94%,-0.24,TX
Frio,,204,85%,1.37,TX
Gaines,,227,93%,0,TX
Galveston,,"5,899",92%,0.15,TX
Garza,(Click for info),,71%,3,TX
Gillespie,,291,95%,-0.39,TX
Glasscock,,,100%,NR,TX
Goliad,,106,99%,-1.09,TX
Gonzales,,292,85%,1.38,TX
Gray,,260,95%,-0.36,TX
Grayson,,"1,429",94%,-0.27,TX
Gregg,,"1,652",94%,-0.21,TX
Grimes,,286,93%,-0.03,TX
Guadalupe,,"2,005",94%,-0.27,TX
Hale,,530,89%,0.7,TX
Hall,,,100%,-1.27,TX
Hamilton,,,99%,-1.06,TX
Hansford,,,99%,-1.08,TX
Hardeman,,,98%,-0.94,TX
Hardin,,708,96%,-0.53,TX
Harris,,"53,667",87%,1.01,TX
Harrison,,900,94%,-0.15,TX
Hartley,,,95%,-0.36,TX
Haskell,,,91%,0.26,TX
Hays,,"2,472",89%,0.55,TX
Hemphill,,64,84%,1.54,TX
Henderson,,706,96%,-0.55,TX
Hidalgo,,"15,082",88%,0.72,TX
Hill,,458,96%,-0.53,TX
Hockley,,317,87%,0.96,TX
Hood,,572,95%,-0.34,TX
Hopkins,,452,94%,-0.22,TX
Houston,,220,95%,-0.44,TX
Howard,,334,92%,0.14,TX
Hudspeth,,,94%,-0.24,TX
Hunt,,"1,030",90%,0.38,TX
Hutchinson,,298,94%,-0.21,TX
Irion,,,100%,NR,TX
Jack,,111,98%,-0.92,TX
Jackson,,222,96%,-0.63,TX
Jasper,,389,96%,-0.62,TX
Jeff Davis,,,100%,-1.27,TX
Jefferson,,"2,683",86%,1.14,TX
Jim Hogg,,69,85%,1.33,TX
Jim Wells,,583,84%,1.42,TX
Johnson,,"2,346",93%,-0.1,TX
Jones,,,96%,-0.56,TX
Karnes,,,95%,-0.39,TX
Kaufman,,"1,790",93%,-0.1,TX
Kendall,,741,98%,-0.91,TX
Kenedy,,,,NR,TX
Kent,,,90%,NR,TX
Kerr,,500,94%,-0.24,TX
Kimble,,,98%,-0.94,TX
King,,,100%,NR,TX
Kinney,,,93%,-0.07,TX
Kleberg,,346,88%,0.73,TX
Knox,,,98%,-0.94,TX
La Salle,,89,87%,1.01,TX
Lamar,,574,94%,-0.21,TX
Lamb,,200,96%,-0.53,TX
Lampasas,,263,97%,-0.74,TX
Lavaca,,251,97%,-0.67,TX
Lee,,223,95%,-0.48,TX
Leon,,218,98%,-0.84,TX
Liberty,,"1,013",92%,0.17,TX
Limestone,,268,90%,0.41,TX
Lipscomb,,,97%,-0.7,TX
Live Oak,,132,93%,-0.07,TX
Llano,,103,100%,-1.27,TX
Loving,,,,NR,TX
Lubbock,,"3,038",90%,0.43,TX
Lynn,,,100%,-1.27,TX
Madison,,159,95%,-0.48,TX
Marion,,88,94%,-0.19,TX
Martin,,,97%,-0.67,TX
Mason,,,100%,-1.27,TX
Matagorda,,482,92%,0.17,TX
Maverick,,"1,123",87%,0.97,TX
McCulloch,,121,98%,-0.94,TX
McLennan,,"3,289",91%,0.32,TX
McMullen,,,100%,NR,TX
Medina,,689,94%,-0.15,TX
Menard,,,95%,-0.36,TX
Midland,,"1,670",88%,0.84,TX
Milam,,274,91%,0.22,TX
Mills,(Click for info),,70%,3,TX
Mitchell,,96,97%,-0.79,TX
Montague,,205,96%,-0.55,TX
Montgomery,,"7,136",92%,0.19,TX
Moore,,342,97%,-0.7,TX
Morris,,145,95%,-0.48,TX
Motley,,,100%,-1.27,TX
Nacogdoches,,722,89%,0.7,TX
Navarro,,639,95%,-0.41,TX
Newton,,151,92%,0.15,TX
Nolan,,195,93%,-0.02,TX
Nueces,,"4,376",87%,0.92,TX
Ochiltree,,174,91%,0.26,TX
Oldham,,,100%,-1.27,TX
Orange,,"1,066",91%,0.29,TX
Palo Pinto,,310,94%,-0.29,TX
Panola,,277,89%,0.56,TX
Parker,,"1,525",97%,-0.68,TX
Parmer,,140,97%,-0.67,TX
Pecos,(Click for info),210,65%,3,TX
Polk,,439,92%,0.09,TX
Potter,,"2,381",88%,0.84,TX
Presidio,,142,94%,-0.21,TX
Rains,,120,92%,0.1,TX
Randall,,682,97%,-0.67,TX
Reagan,,,96%,-0.55,TX
Real,(Click for info),,71%,3,TX
Red River,,,97%,-0.82,TX
Reeves,,176,96%,-0.5,TX
Refugio,,,95%,-0.46,TX
Roberts,,,100%,NR,TX
Robertson,,208,97%,-0.75,TX
Rockwall,,"1,460",96%,-0.55,TX
Runnels,,140,97%,-0.75,TX
Rusk,,544,93%,-0.14,TX
Sabine,,145,92%,0.07,TX
San Augustine,,,94%,-0.21,TX
San Jacinto,,225,91%,0.32,TX
San Patricio,,976,93%,-0.03,TX
San Saba,,,93%,-0.12,TX
Schleicher,,,98%,-0.87,TX
Scurry,,209,93%,-0.02,TX
Shackelford,,,93%,-0.02,TX
Shelby,,342,93%,-0.05,TX
Sherman,,,96%,-0.55,TX
Smith,,"2,147",91%,0.27,TX
Somervell,,213,88%,0.79,TX
Starr,,"1,140",91%,0.22,TX
Stephens,,96,91%,0.31,TX
Sterling,,,95%,NR,TX
Stonewall,,,96%,-0.53,TX
Sutton,,80,95%,-0.41,TX
Swisher,,115,88%,0.84,TX
Tarrant,,"24,137",89%,0.55,TX
Taylor,,"1,449",86%,1.11,TX
Terrell,,,90%,0.44,TX
Terry,,159,92%,0.07,TX
Throckmorton,,,96%,-0.5,TX
Titus,,395,97%,-0.74,TX
Tom Green,,"1,322",89%,0.58,TX
Travis,,"9,303",90%,0.51,TX
Trinity,,156,89%,0.56,TX
Tyler,,252,92%,0.05,TX
Upshur,,500,96%,-0.58,TX
Upton,,,93%,-0.12,TX
Uvalde,,436,78%,2.58,TX
Val Verde,,744,86%,1.11,TX
Van Zandt,,763,93%,-0.1,TX
Victoria,,"1,031",81%,1.91,TX
Walker,,651,77%,2.65,TX
Waller,,656,95%,-0.36,TX
Ward,,154,95%,-0.41,TX
Washington,,356,91%,0.22,TX
Webb,,"4,769",91%,0.22,TX
Wharton,,593,96%,-0.63,TX
Wheeler,,,95%,-0.36,TX
Wichita,,"1,312",97%,-0.68,TX
Wilbarger,,118,83%,1.66,TX
Willacy,,309,88%,0.85,TX
Williamson,,"8,209",95%,-0.43,TX
Wilson,,678,96%,-0.63,TX
Winkler,,97,99%,-1.11,TX
Wise,,624,96%,-0.58,TX
Wood,,434,97%,-0.7,TX
Yoakum,,162,99%,-1.03,TX
Young,,242,96%,-0.6,TX
Zapata,,251,90%,0.41,TX
Zavala,,179,90%,0.38,TX
Beaver,,,85%,0.98,UT
Box Elder,,,84%,1.19,UT
Cache,,,92%,-0.53,UT
Carbon,,,95%,-1.05,UT
Daggett,,,,NR,UT
Davis,,,95%,-1.05,UT
Duchesne,,,88%,0.37,UT
Emery,,,94%,-0.85,UT
Garfield,,,93%,-0.65,UT
Grand,,,83%,1.39,UT
Iron,,,90%,-0.03,UT
Juab,,,95%,-1.15,UT
Kane,,,98%,-1.56,UT
Millard,,,91%,-0.24,UT
Morgan,,,93%,-0.65,UT
Piute,,,95%,NR,UT
Rich,,,95%,-1.05,UT
Salt Lake,,,82%,1.59,UT
San Juan,,,92%,-0.44,UT
Sanpete,,,82%,1.54,UT
Sevier,,,83%,1.39,UT
Summit,,,94%,-0.8,UT
Tooele,,,87%,0.58,UT
Uintah,,,83%,1.39,UT
Utah,,,91%,-0.18,UT
Wasatch,,,92%,-0.44,UT
Washington,,,89%,0.17,UT
Wayne,,,95%,-1.05,UT
Weber,,,84%,1.13,UT
Addison,,338,94%,-1.46,VT
Bennington,,271,82%,1.62,VT
Caledonia,,89,81%,1.92,VT
Chittenden,,"1,676",90%,-0.51,VT
Essex,,,,0,VT
Franklin,,583,92%,-1.05,VT
Grand Isle,,,,0,VT
Lamoille,,251,88%,-0.02,VT
Orange,,220,89%,-0.2,VT
Orleans,,307,89%,-0.27,VT
Rutland,,609,90%,-0.44,VT
Washington,,625,90%,-0.49,VT
Windham,,378,85%,0.8,VT
Windsor,,550,88%,0.11,VT
Accomack,,340,90%,0.22,VA
Albemarle,,"1,037",95%,-0.83,VA
Alexandria City,,874,83%,1.6,VA
Alleghany,,203,91%,-0.08,VA
Amelia,,154,94%,-0.73,VA
Amherst,,347,96%,-1.04,VA
Appomattox,,185,95%,-0.92,VA
Arlington,,"1,541",91%,-0.02,VA
Augusta,,809,91%,-0.1,VA
Bath,,56,91%,-0.08,VA
Bedford,,782,90%,0.07,VA
Bland,,56,98%,-1.57,VA
Botetourt,,372,94%,-0.58,VA
Bristol City,,178,84%,1.47,VA
Brunswick,,140,86%,0.91,VA
Buchanan,,237,90%,0.09,VA
Buckingham,,143,94%,-0.77,VA
Buena Vista City,,92,90%,0.11,VA
Campbell,,628,93%,-0.43,VA
Caroline,,314,87%,0.72,VA
Carroll,,306,91%,0.05,VA
Charles City,,54,93%,-0.39,VA
Charlotte,,154,87%,0.78,VA
Charlottesville City,,316,90%,0.24,VA
Chesapeake City,,"3,164",93%,-0.41,VA
Chesterfield,,"4,902",90%,0.13,VA
Clarke,,193,98%,-1.5,VA
Colonial Heights City,,223,96%,-1.1,VA
Covington City,,64,86%,1.01,VA
Craig,,46,89%,0.34,VA
Culpeper,,619,90%,0.19,VA
Cumberland,,99,95%,-0.87,VA
Danville City,,438,77%,2.83,VA
Dickenson,,171,88%,0.63,VA
Dinwiddie,,354,90%,0.26,VA
Emporia City,,,,0,VA
Essex,,100,86%,0.99,VA
Fairfax,,"14,111",91%,-0.14,VA
Fairfax City,,,,0,VA
Falls Church City,,197,100%,-1.84,VA
Fauquier,,900,96%,-1.06,VA
Floyd,,138,94%,-0.58,VA
Fluvanna,,269,97%,-1.4,VA
Franklin,,504,94%,-0.58,VA
Franklin City,,75,87%,0.84,VA
Frederick,,"1,011",95%,-0.85,VA
Fredericksburg City,,220,83%,1.68,VA
Galax City,,101,89%,0.34,VA
Giles,,207,90%,0.17,VA
Gloucester,,446,90%,0.07,VA
Goochland,,198,97%,-1.21,VA
Grayson,,139,96%,-1.19,VA
Greene,,240,95%,-0.98,VA
Greensville,,173,84%,1.33,VA
Halifax,,379,91%,-0.12,VA
Hampton City,,"1,511",92%,-0.16,VA
Hanover,,"1,573",95%,-0.94,VA
Harrisonburg City,,412,87%,0.7,VA
Henrico,,"3,846",91%,-0.08,VA
Henry,,545,87%,0.74,VA
Highland,,17,82%,1.74,VA
Hopewell City,,324,85%,1.16,VA
Isle of Wight,,416,94%,-0.64,VA
James City,,965,92%,-0.33,VA
King and Queen,(Click for info),38,74%,3,VA
King George,,324,94%,-0.64,VA
King William,,238,94%,-0.62,VA
Lancaster,,101,87%,0.76,VA
Lee,,235,77%,2.88,VA
Lexington City,,,,0,VA
Loudoun,,"5,421",96%,-1,VA
Louisa,,328,92%,-0.22,VA
Lunenburg,,117,88%,0.57,VA
Lynchburg City,,580,86%,0.91,VA
Madison,,128,94%,-0.64,VA
Manassas City,,569,79%,2.54,VA
Manassas Park City,,244,91%,0.03,VA
Martinsville City,,158,87%,0.84,VA
Mathews,,107,92%,-0.18,VA
Mecklenburg,,341,93%,-0.41,VA
Middlesex,,84,85%,1.3,VA
Montgomery,,697,93%,-0.43,VA
Nelson,,154,88%,0.51,VA
New Kent,,243,89%,0.38,VA
Newport News City,,"1,870",94%,-0.58,VA
Norfolk City,,"1,830",81%,1.97,VA
Northampton,,108,82%,1.93,VA
Northumberland,,113,96%,-1.02,VA
Norton City,,47,96%,-1.04,VA
Nottoway,,171,87%,0.76,VA
Orange,,390,94%,-0.77,VA
Page,,273,97%,-1.25,VA
Patrick,,214,92%,-0.29,VA
Petersburg City,,281,80%,2.16,VA
Pittsylvania,,728,92%,-0.25,VA
Poquoson City,,189,95%,-0.83,VA
Portsmouth City,,"1,012",87%,0.86,VA
Powhatan,,369,94%,-0.64,VA
Prince Edward,,162,93%,-0.52,VA
Prince George,,469,92%,-0.2,VA
Prince William,,"6,420",92%,-0.22,VA
Pulaski,,365,94%,-0.62,VA
Radford City,,109,95%,-0.98,VA
Rappahannock,,70,96%,-1.04,VA
Richmond,,109,95%,-0.79,VA
Richmond City,,"1,378",77%,2.9,VA
Roanoke,,"1,182",94%,-0.73,VA
Roanoke City,,881,90%,0.22,VA
Rockbridge,,241,91%,-0.04,VA
Rockingham,,939,95%,-0.83,VA
Russell,,375,92%,-0.16,VA
Salem City,,264,94%,-0.75,VA
Scott,,277,94%,-0.73,VA
Shenandoah,,458,96%,-1.13,VA
Smyth,,365,95%,-0.79,VA
Southampton,,186,89%,0.32,VA
Spotsylvania,,"1,843",91%,0.05,VA
Stafford,,"2,329",94%,-0.75,VA
Staunton City,,176,89%,0.45,VA
Suffolk City,,"1,024",87%,0.76,VA
Surry,,67,88%,0.55,VA
Sussex,,88,90%,0.19,VA
Tazewell,,446,90%,0.26,VA
Virginia Beach City,,"5,219",92%,-0.25,VA
Warren,,459,94%,-0.66,VA
Washington,,569,94%,-0.58,VA
Waynesboro City,,227,88%,0.63,VA
Westmoreland,,180,94%,-0.67,VA
Williamsburg City,,965,92%,-0.33,VA
Winchester City,,297,93%,-0.46,VA
Wise,,420,96%,-1.1,VA
Wythe,,318,91%,-0.1,VA
York,,974,95%,-0.94,VA
Adams,,332,77%,1.34,WA
Asotin,,288,78%,1,WA
Benton,,"2,803",77%,1.32,WA
Chelan,,971,81%,0.38,WA
Clallam,,711,81%,0.5,WA
Clark,,"6,269",84%,-0.14,WA
Columbia,,42,83%,-0.07,WA
Cowlitz,,"1,277",81%,0.45,WA
Douglas,,586,85%,-0.51,WA
Ferry,,56,79%,0.91,WA
Franklin,,"1,307",75%,1.56,WA
Garfield,,21,86%,-0.56,WA
Grant,,"1,323",79%,0.87,WA
Grays Harbor,,732,82%,0.3,WA
Island,,589,88%,-1.05,WA
Jefferson,,237,80%,0.58,WA
King,,"18,323",84%,-0.21,WA
Kitsap,,"2,759",82%,0.14,WA
Kittitas,,375,83%,-0.1,WA
Klickitat,,200,85%,-0.41,WA
Lewis,,908,84%,-0.19,WA
Lincoln,,142,95%,-2.48,WA
Mason,,595,75%,1.59,WA
Okanogan,,407,89%,-1.27,WA
Pacific,,178,89%,-1.18,WA
Pend Oreille,,149,91%,-1.56,WA
Pierce,,"9,031",87%,-0.76,WA
San Juan,,104,89%,-1.32,WA
Skagit,,"1,382",75%,1.71,WA
Skamania,,79,82%,0.15,WA
Snohomish,,"9,656",86%,-0.56,WA
Spokane,,"5,388",85%,-0.46,WA
Stevens,,401,83%,0.09,WA
Thurston,,"3,135",85%,-0.45,WA
Wahkiakum,,32,84%,-0.28,WA
Walla Walla,,686,77%,1.27,WA
Whatcom,,"2,058",81%,0.38,WA
Whitman,,283,92%,-1.9,WA
Yakima,,"3,609",79%,0.92,WA
Barbour,,172,91%,-0.15,WV
Berkeley,,"1,286",94%,-0.88,WV
Boone,,297,88%,0.62,WV
Braxton,,151,90%,0.16,WV
Brooke,,223,92%,-0.31,WV
Cabell,,892,82%,2.17,WV
Calhoun,,63,94%,-0.75,WV
Clay,,131,89%,0.35,WV
Doddridge,,100,96%,-1.34,WV
Fayette,,490,84%,1.56,WV
Gilmer,,68,96%,-1.23,WV
Grant,,123,95%,-1.12,WV
Greenbrier,,399,90%,0.18,WV
Hampshire,,260,84%,1.63,WV
Hancock,,289,90%,0.18,WV
Hardy,,156,93%,-0.57,WV
Harrison,,755,88%,0.69,WV
Jackson,,328,96%,-1.27,WV
Jefferson,,644,89%,0.35,WV
Kanawha,,"1,914",83%,1.85,WV
Lewis,,182,88%,0.7,WV
Lincoln,,211,93%,-0.55,WV
Logan,,457,91%,0.02,WV
Marion,,565,93%,-0.47,WV
Marshall,,318,91%,-0.13,WV
Mason,,297,91%,-0.14,WV
McDowell,,238,83%,1.89,WV
Mercer,,616,89%,0.31,WV
Mineral,,319,97%,-1.56,WV
Mingo,,231,94%,-0.71,WV
Monongalia,,802,90%,0.23,WV
Monroe,,138,97%,-1.61,WV
Morgan,,189,94%,-0.75,WV
Nicholas,,271,93%,-0.67,WV
Ohio,,355,97%,-1.63,WV
Pendleton,,81,98%,-1.72,WV
Pleasants,,95,93%,-0.49,WV
Pocahontas,,85,88%,0.62,WV
Preston,,305,83%,2.03,WV
Putnam,,761,93%,-0.52,WV
Raleigh,,784,87%,0.93,WV
Randolph,,253,90%,0.14,WV
Ritchie,,94,85%,1.4,WV
Roane,,163,90%,0.13,WV
Summers,,98,86%,1.25,WV
Taylor,,170,89%,0.32,WV
Tucker,,83,96%,-1.44,WV
Tyler,,116,92%,-0.39,WV
Upshur,,256,91%,-0.08,WV
Wayne,,580,87%,0.95,WV
Webster,,91,95%,-0.96,WV
Wetzel,,217,93%,-0.61,WV
Wirt,,76,88%,0.64,WV
Wood,,902,90%,0.28,WV
Wyoming,,311,89%,0.49,WV
Adams,,131,92%,0.02,WI
Ashland,,205,89%,0.61,WI
Barron,,556,91%,0.22,WI
Bayfield,,139,94%,-0.64,WI
Brown,,"3,243",90%,0.43,WI
Buffalo,,140,97%,-1.37,WI
Burnett,,271,83%,2.18,WI
Calumet,,268,96%,-1.06,WI
Chippewa,,668,90%,0.51,WI
Clark,,361,96%,-1.11,WI
Columbia,,678,94%,-0.53,WI
Crawford,,163,94%,-0.7,WI
Dane,,"5,509",91%,0.28,WI
Dodge,,632,90%,0.5,WI
Door,,284,95%,-0.76,WI
Douglas,,456,89%,0.67,WI
Dunn,,406,90%,0.39,WI
Eau Claire,,"1,001",87%,1.08,WI
Florence,,32,94%,-0.52,WI
Fond du Lac,,"1,140",89%,0.63,WI
Forest,,102,93%,-0.36,WI
Grant,,507,94%,-0.5,WI
Green,,412,96%,-1.05,WI
Green Lake,,256,92%,-0.03,WI
Iowa,,243,97%,-1.37,WI
Iron,,48,96%,-1.04,WI
Jackson,,224,89%,0.61,WI
Jefferson,,815,91%,0.19,WI
Juneau,,280,90%,0.34,WI
Kenosha,,"2,308",90%,0.55,WI
Kewaunee,,318,95%,-0.75,WI
La Crosse,,"1,188",93%,-0.25,WI
Lafayette,,240,95%,-0.94,WI
Langlade,,237,89%,0.67,WI
Lincoln,,362,94%,-0.56,WI
Manitowoc,,834,91%,0.23,WI
Marathon,,"1,463",94%,-0.47,WI
Marinette,,464,92%,-0.03,WI
Marquette,,142,85%,1.81,WI
Menominee,(Click for info),76,78%,3,WI
Milwaukee,,"10,073",77%,3.75,WI
Monroe,,531,95%,-0.76,WI
Oconto,,309,92%,0.03,WI
Oneida,,403,91%,0.16,WI
Outagamie,,"2,583",91%,0.27,WI
Ozaukee,,"1,150",96%,-1.17,WI
Pepin,,84,98%,-1.49,WI
Pierce,,575,96%,-1,WI
Polk,,525,94%,-0.56,WI
Portage,,669,91%,0.2,WI
Price,,141,92%,-0.13,WI
Racine,,"2,265",83%,2.31,WI
Richland,,126,91%,0.11,WI
Rock,,"2,107",94%,-0.55,WI
Rusk,,138,88%,0.83,WI
Sauk,,845,91%,0.23,WI
Sawyer,,147,88%,0.99,WI
Shawano,,409,91%,0.12,WI
Sheboygan,,"1,553",94%,-0.63,WI
St. Croix,,"1,060",93%,-0.36,WI
Taylor,,212,92%,-0.19,WI
Trempealeau,,411,95%,-0.8,WI
Vernon,,295,96%,-1.07,WI
Vilas,,109,97%,-1.4,WI
Walworth,,"1,226",93%,-0.43,WI
Washburn,,174,91%,0.08,WI
Washington,,"1,670",93%,-0.42,WI
Waukesha,,"5,122",94%,-0.7,WI
Waupaca,,703,89%,0.7,WI
Waushara,,176,90%,0.34,WI
Winnebago,,"1,644",91%,0.3,WI
Wood,,910,92%,-0.18,WI
Albany,,237,81%,0.12,WY
Big Horn,,273,66%,1.72,WY
Campbell,,658,79%,0.33,WY
Carbon,,176,78%,0.48,WY
Converse,,198,87%,-0.48,WY
Crook,,80,98%,-1.51,WY
Fremont,,463,69%,1.34,WY
Goshen,,144,85%,-0.29,WY
Hot Springs,,55,87%,-0.47,WY
Johnson,,78,86%,-0.33,WY
Laramie,,"1,039",79%,0.34,WY
Lincoln,,270,91%,-0.86,WY
Natrona,,934,79%,0.33,WY
Niobrara,(Click for info),117,51%,3,WY
Park,,309,85%,-0.29,WY
Platte,,108,84%,-0.17,WY
Sheridan,,346,86%,-0.3,WY
Sublette,,119,92%,-0.91,WY
Sweetwater,,592,80%,0.25,WY
Teton,,153,93%,-1.1,WY
Uinta,,320,85%,-0.21,WY
Washakie,,124,86%,-0.37,WY
Weston,,81,90%,-0.76,WY
